Season,Section,Site_name,Site_code,Treatment,Plot,Date_ymd,Spp_code,Abund,Sampled_by,Comments
Spring,S4,DAVE,R4_3,RES,5,2021-06-22,CHAL,1,DG,Removed for Plant ID
Spring,S4,DAVE,R4_3,RES,5,2021-06-22,CHAL,1,DG,Removed for Plant ID
Spring,S4,DAVE,R4_3,RES,5,2021-06-22,CHAL,1,DG,Removed for Plant ID
Spring,S4,DAVE,R4_3,RES,5,2021-06-22,CHAL,1,DG,Removed for Plant ID
Spring,S4,DAVE,R4_3,RES,5,2021-06-22,CHAL,1,DG,-
Spring,S4,DAVE,R4_3,RES,5,2021-06-22,CHAL,1,DG,-
Spring,S4,AMBJ,M4_1,MOW,5,2021-06-22,CHAL,1,DG,-
Spring,S4,AMBJ,M4_1,MOW,5,2021-06-22,CHAL,1,DG,-
Spring,S4,AMBJ,M4_1,MOW,5,2021-06-22,CHAL,1,DG,-
Spring,S4,AMBJ,M4_1,MOW,13,2021-06-22,CHAL,1,DG,-
Spring,S4,AMBJ,M4_1,MOW,13,2021-06-22,CHAL,1,DG,-
Spring,S4,AMBJ,M4_1,MOW,13,2021-06-22,CHAL,1,DG,-
Spring,S4,AMBJ,M4_1,MOW,13,2021-06-22,CHAL,1,DG,-
Spring,S4,AMBJ,M4_1,MOW,13,2021-06-22,CHAL,1,DG,-
Spring,S4,DVAG,M4_2,MOW,13,2021-06-22,CHAL,1,DG,-
Spring,S4,DVAG,M4_2,MOW,13,2021-06-22,CHAL,1,DG,-
Spring,S4,DVAG,M4_2,MOW,13,2021-06-22,CHAL,1,DG,-
Spring,S4,DVAG,M4_2,MOW,13,2021-06-22,CHAL,1,DG,-
Spring,S4,DVAG,M4_2,MOW,13,2021-06-22,CHAL,1,DG,-
Spring,S4,DVAG,M4_2,MOW,13,2021-06-22,CHAL,1,DG,-
Spring,S4,DVAG,M4_2,MOW,13,2021-06-22,CHAL,1,DG,-
Spring,S4,DVAG,M4_2,MOW,13,2021-06-22,CHAL,1,DG,-
Spring,S4,DVAG,M4_2,MOW,13,2021-06-22,CHAL,1,DG,-
Spring,S4,DAVE,R4_3,RES,11,2021-06-22,CHAL,1,DG,-
Spring,S4,DAVE,R4_3,RES,11,2021-06-22,CHAL,1,DG,-
Spring,S4,DAVE,R4_3,RES,11,2021-06-22,CHAL,1,DG,-
Spring,S4,DAVE,R4_3,RES,11,2021-06-22,CHAL,1,DG,-
Spring,S4,DAVE,R4_3,RES,11,2021-06-22,CHAL,1,DG,-
Spring,S4,DAVE,R4_3,RES,11,2021-06-22,CHAL,1,DG,-
Spring,S4,DAVE,R4_3,RES,11,2021-06-22,CHAL,1,DG,-
Spring,S4,DAVE,R4_3,RES,11,2021-06-22,CHAL,1,DG,-
Spring,S4,DAVE,R4_3,RES,11,2021-06-22,CHAL,1,DG,-
Spring,S4,DAVE,R4_3,RES,11,2021-06-22,CHAL,1,DG,-
Spring,S4,DAVE,R4_3,RES,11,2021-06-22,CHAL,1,DG,-
Spring,S4,DAVE,R4_3,RES,11,2021-06-22,CHAL,1,DG,-
Spring,S4,DVAG,M4_2,MOW,25,2021-06-25,CHAL,2,DG,-
Spring,S4,AMBJ,M4_1,MOW,15,2021-06-25,CHAL,7,DG,-
Spring,S4,AMBJ,M4_1,MOW,23,2021-06-25,CHAL,7,DG,-
Spring,S4,AMBJ,M4_1,MOW,13,2021-06-25,CHAL,10,DG,-
Spring,S4,DVAG,M4_2,MOW,1,2021-06-25,CHAL,1,DG,-
Spring,S4,BRIM,M4_3,MOW,15,2021-06-25,CHAL,1,DG,-
Spring,S4,BRIM,M4_3,MOW,5,2021-06-25,CHAL,5,DG,-
Spring,S4,BRIM,M4_3,MOW,13,2021-06-25,CHAL,1,DG,-
Spring,S4,DVAG,M4_2,MOW,13,2021-06-25,CHAL,6,DG,-
Spring,S4,DVAG,M4_2,MOW,23,2021-06-25,CHAL,1,DG,-
Spring,S4,DVAG,M4_2,MOW,3,2021-06-25,CHAL,3,DG,-
Spring,S4,AMBJ,M4_1,MOW,21,2021-06-25,CHAL,2,DG,-
Spring,S4,BNSH,R4_2,RES,11,2021-06-25,POOL,11,DG,5 removed for growth
Spring,S4,BNSH,R4_2,RES,11,2021-06-25,CHAL,1,DG,-
Spring,S4,BNSH,R4_2,RES,21,2021-06-25,CHAL,7,DG,-
Spring,S4,BNSH,R4_2,RES,21,2021-06-25,POOL,1,DG,-
Spring,S4,DAVE,R4_3,RES,25,2021-06-25,CHAL,1,DG,-
Spring,S4,BNSH,R4_2,RES,25,2021-06-25,CHAL,1,DG,-
Spring,S4,DAVE,R4_3,RES,11,2021-06-25,AMAR,4,DG,4 Removed for growth
Spring,S4,BNSH,R4_2,RES,25,2021-06-25,AMSP,5,DG,5 removed for growth
Spring,S4,AMBJ,M4_1,MOW,23,2021-06-25,CHAL,11,GX,-
Spring,S4,AMBJ,M4_1,MOW,3,2021-06-25,CHAL,7,GX,-
Spring,S4,DVAG,M4_2,MOW,11,2021-06-23,CHAL,1,GX,-
Spring,S4,BRIM,M4_3,MOW,15,2021-06-23,CHAL,1,GX,-
Spring,S4,DAVE,R4_3,RES,23,2021-06-23,CHAL,6,GX,-
Spring,S4,BNSH,R4_2,RES,1,2021-06-23,CHAL,2,GX,-
Spring,S4,BNSH,R4_2,RES,13,2021-06-23,CHAL,2,GX,-
Spring,S4,BNSH,R4_2,RES,23,2021-06-23,CHAL,10,GX,-
Spring,S4,DVAG,M4_2,MOW,15,2021-06-23,CHAL,11,GX,-
Spring,S4,DVAG,M4_2,MOW,23,2021-06-23,CHAL,4,GX,-
Spring,S4,AMBJ,M4_1,MOW,21,2021-06-23,CHAL,7,GX,-
Spring,S4,DVAG,M4_2,MOW,3,2021-06-23,CHAL,21,GX,-
Spring,S4,DAVE,R4_3,RES,21,2021-06-23,CHAL,7,GX,-
Spring,S4,AMBJ,M4_1,MOW,25,2021-06-23,CHAL,23,GX,-
Spring,S2,TIMH,T2_2,TIL,3,2021-06-28,POOL,2,DG,- 
Spring,S4,AMBJ,M4_1,MOW,13,2021-06-28,POOL,1,DG,- 
Spring,S4,AMBJ,M4_1,MOW,13,2021-06-28,AMAR,9,DG,- 
Spring,S4,AMBJ,M4_1,MOW,1,2021-06-28,POOL,1,DG,- 
Spring,S4,AMBJ,M4_1,MOW,13,2021-06-28,CHAL,1,DG,- 
Spring,S4,DVAG,M4_2,MOW,13,2021-06-28,AMAR,1,DG,- 
Spring,S4,BRIM,M4_3,MOW,11,2021-06-28,VEAR,12,DG,Removed for Plant ID
Spring,S4,GRNB,R4_1,RES,11,2021-06-28,RHTY,1,DG,Removed for Plant ID
Spring,S4,BNSH,R4_2,RES,21,2021-06-28,CHAL,5,DG,Removed for Plant ID
Spring,S2,VICP,T2_1,TIL,25,2021-06-28,CHAL,4,DG,- 
Spring,S2,VICP,T2_1,TIL,25,2021-06-28,AMAR,1,DG,- 
Spring,S4,BNSH,R4_2,RES,3,2021-06-28,RHTY,1,DG,Left in tray
Spring,S4,AMBJ,M4_1,MOW,21,2021-06-28,RHTY,1,DG,Left in tray
Spring,S2,TIMH,T2_2,TIL,21,2021-06-28,PAMI,1,DG,Removed for Plant ID
Spring,S4,GRNB,R4_1,RES,5,2021-06-28,OXST,2,DG,Left in tray
Spring,S2,TIMH,T2_2,TIL,15,2021-06-28,OXST,2,DG,Left in tray
Spring,S4,AMBJ,M4_1,MOW,11,2021-06-28,POOL,27,DG,- 
Spring,S4,AMBJ,M4_1,MOW,25,2021-06-28,CHAL,69,DG,Nice
Spring,S4,BNSH,R4_2,RES,15,2021-06-28,AMSP,100,DG,- 
Spring,S4,BNSH,R4_2,RES,15,2021-06-28,AMSP,100,DG,- 
Spring,S4,BNSH,R4_2,RES,15,2021-06-28,AMSP,100,DG,- 
Spring,S4,BNSH,R4_2,RES,15,2021-06-28,AMSP,59,DG,- 
Spring,S4,DAVE,R4_3,RES,3,2021-07-06,CHAL,30,DG,"Plot Dried, many plants wilting"
Spring,S4,DAVE,R4_3,RES,3,2021-07-06,AMSP,1,DG,- 
Spring,S4,DAVE,R4_3,RES,25,2021-07-06,AMSP,19,DG,- 
Spring,S4,BNSH,R4_2,RES,11,2021-07-06,AMSP,13,DG,- 
Spring,S4,BNSH,R4_2,RES,23,2021-07-06,AMSP,67,DG,-
Spring,S4,BNSH,R4_2,RES,21,2021-07-06,AMSP,40,DG,- 
Spring,S4,DAVE,R4_3,RES,5,2021-07-06,AMSP,7,DG,- 
Spring,S4,BNSH,R4_2,RES,15,2021-07-06,AMSP,30,DG,- 
Spring,S4,DAVE,R4_3,RES,15,2021-07-06,PAMI,3,DG,- 
Spring,S4,BNSH,R4_2,RES,25,2021-07-06,AMSP,58,DG,- 
Spring,S4,AMBJ,M4_1,MOW,13,2021-07-06,ABTH,10,DG,- 
Spring,S4,AMBJ,M4_1,MOW,13,2021-07-06,ANGE,1,DG,"Originally labelled as ""SEVI"", but relabelled as ""ANGE"" (GX)"
Spring,S4,AMBJ,M4_1,MOW,13,2021-07-06,CELO,1,DG,- 
Spring,S4,AMBJ,M4_1,MOW,13,2021-07-06,CHAL,4,DG,- 
Spring,S4,AMBJ,M4_1,MOW,13,2021-07-06,AMSP,1,DG,- 
Spring,S4,BRIM,M4_3,MOW,1,2021-07-06,CELO,5,DG,- 
Spring,S4,BRIM,M4_3,MOW,1,2021-07-06,CHAL,1,DG,- 
Spring,S4,GRNB,R4_1,RES,5,2021-07-06,OXST,2,DG,- 
Spring,S4,DAVE,R4_3,RES,23,2021-07-06,AMSP,13,DG,- 
Spring,S4,DAVE,R4_3,RES,23,2021-07-06,PONO,8,DG,- 
Spring,S4,BNSH,R4_2,RES,13,2021-07-06,AMSP,4,DG,- 
Spring,S4,BNSH,R4_2,RES,13,2021-07-06,TRPR,5,DG,- 
Spring,S4,BNSH,R4_2,RES,13,2021-07-06,AGAL,8,DG,- 
Spring,S4,BNSH,R4_2,RES,3,2021-07-06,AMSP,54,DG,- 
Spring,S4,AMBJ,M4_1,MOW,23,2021-07-06,AMSP,46,DG,- 
Spring,S4,AMBJ,M4_1,MOW,23,2021-07-06,OEBI,10,DG,- 
Spring,S4,AMBJ,M4_1,MOW,23,2021-07-06,OXST,1,DG,- 
Spring,S4,DAVE,R4_3,RES,21,2021-07-06,AMSP,23,DG,- 
Spring,S4,BNSH,R4_2,RES,25,2021-07-06,CELO,1,GX,-
Spring,S4,BNSH,R4_2,RES,25,2021-07-06,OXST,5,GX,-
Spring,S4,DVAG,M4_2,MOW,11,2021-07-06,AMAR,1,GX,-
Spring,S4,DVAG,M4_2,MOW,11,2021-07-06,ANGE,1,GX,"Originally labelled as ""SEVI"", but relabelled as ""ANGE"" (GX)"
Spring,S4,BRIM,M4_3,MOW,11,2021-07-06,CELO,1,GX,-
Spring,S4,BRIM,M4_3,MOW,13,2021-07-06,ANGE,1,GX,"Originally labelled as ""SEVI"", but relabelled as ""ANGE"" (GX)"
Spring,S4,BRIM,M4_3,MOW,23,2021-07-06,CELO,2,GX,-
Spring,S4,BRIM,M4_3,MOW,3,2021-07-06,CELO,2,GX,-
Spring,S4,BRIM,M4_3,MOW,21,2021-07-06,PAVI,1,GX,"Originally labelled as ""PACA"", but relabelled as ""PAVI"""
Spring,S4,DVAG,M4_2,MOW,15,2021-07-06,CELO,4,GX,-
Spring,S4,DVAG,M4_2,MOW,15,2021-07-06,CHAL,3,GX,-
Spring,S4,DVAG,M4_2,MOW,15,2021-07-06,PAVI,1,GX,"Originally labelled as ""PACA"", but relabelled as ""PAVI"""
Spring,S4,DAVE,R4_3,RES,1,2021-07-06,TRPR,1,GX,-
Spring,S4,BRIM,M4_3,MOW,5,2021-07-06,CELO,5,GX,-
Spring,S4,DVAG,M4_2,MOW,1,2021-07-06,CELO,2,GX,-
Spring,S4,DVAG,M4_2,MOW,1,2021-07-06,PAVI,1,GX,"Originally labelled as ""PACA"", but relabelled as ""PAVI"""
Spring,S4,DVAG,M4_2,MOW,25,2021-07-06,OXST,4,GX,Red stem
Spring,S4,DVAG,M4_2,MOW,25,2021-07-06,CELO,1,GX,-
Spring,S4,DVAG,M4_2,MOW,3,2021-07-06,CELO,4,GX,-
Spring,S4,DVAG,M4_2,MOW,3,2021-07-06,PAVI,1,GX,"Originally labelled as ""PACA"", but relabelled as ""PAVI"""
Spring,S4,BRIM,M4_3,MOW,15,2021-07-06,CELO,1,GX,-
Spring,S4,BRIM,M4_3,MOW,15,2021-07-06,PAVI,1,GX,"Originally labelled as ""PACA"", but relabelled as ""PAVI"""
Spring,S4,BRIM,M4_3,MOW,25,2021-07-06,CELO,53,GX,-
Spring,S4,BRIM,M4_3,MOW,25,2021-07-06,PAVI,27,GX,"Originally labelled as ""PACA"", but relabelled as ""PAVI"""
Spring,S4,BNSH,R4_2,RES,5,2021-07-06,AMSP,5,GX,-
Spring,S4,BNSH,R4_2,RES,5,2021-07-06,CELO,5,GX,-
Spring,S4,BNSH,R4_2,RES,21,2021-07-06,AMSP,4,GX,-
Spring,S4,BNSH,R4_2,RES,21,2021-07-06,CHAL,1,GX,-
Spring,S4,BNSH,R4_2,RES,21,2021-07-06,CELO,1,GX,-
Spring,S4,BRIM,M4_3,MOW,21,2021-07-15,AMSP,3,DG,-
Spring,S4,BNSH,R4_2,RES,13,2021-07-15,MELU,4,DG,-
Spring,S4,BNSH,R4_2,RES,13,2021-07-15,TRPR,1,DG,-
Spring,S4,BNSH,R4_2,RES,13,2021-07-15,TRRE,1,DG,-
Spring,S4,BNSH,R4_2,RES,21,2021-07-15,AMSP,5,DG,-
Spring,S4,BNSH,R4_2,RES,15,2021-07-15,AMSP,24,DG,-
Spring,S2,VICP,T2_1,TIL,3,2021-07-15,MELU,4,DG,-
Spring,S4,BNSH,R4_2,RES,11,2021-07-15,OXST,2,DG,-
Spring,S4,AMBJ,M4_1,MOW,15,2021-07-15,SONI,5,DG,ID  by Flower
Spring,S4,AMBJ,M4_1,MOW,15,2021-07-15,CHAL,1,DG,-
Spring,S4,AMBJ,M4_1,MOW,23,2021-07-15,SONI,2,DG,-
Spring,S4,AMBJ,M4_1,MOW,23,2021-07-15,AMSP,6,DG,-
Spring,S4,DAVE,R4_3,RES,21,2021-07-15,SIAL,1,DG,ID by Flower and leaf
Spring,S4,DAVE,R4_3,RES,21,2021-07-15,AMSP,2,DG,-
Spring,S4,AMBJ,M4_1,MOW,13,2021-07-15,SONI,4,DG,-
Spring,S4,AMBJ,M4_1,MOW,13,2021-07-15,AMSP,1,DG,-
Spring,S4,AMBJ,M4_1,MOW,13,2021-07-15,OXST,2,DG,-
Spring,S4,AMBJ,M4_1,MOW,13,2021-07-15,CHAL,1,DG,-
Spring,S4,AMBJ,M4_1,MOW,11,2021-07-15,AMSP,5,DG,-
Spring,S4,AMBJ,M4_1,MOW,11,2021-07-15,CHSE,1,DG,-
Spring,S4,DAVE,R4_3,RES,1,2021-07-15,TRRE,14,DG,-
Spring,S4,DAVE,R4_3,RES,1,2021-07-15,TRPR,4,DG,-
Spring,S2,VICP,T2_1,TIL,21,2021-07-15,MELU,2,DG,-
Spring,S4,BNSH,R4_2,RES,1,2021-07-15,AMSP,1,DG,-
Spring,S4,DAVE,R4_3,RES,5,2021-07-15,TRPR,4,DG,-
Spring,S4,DAVE,R4_3,RES,5,2021-07-15,MELU,1,DG,-
Spring,S4,DAVE,R4_3,RES,5,2021-07-15,TRRE,1,DG,-
Spring,S4,GRNB,R4_1,RES,11,2021-07-15,TRRE,1,DG,-
Spring,S4,GRNB,R4_1,RES,23,2021-07-15,MELU,1,DG,-
Spring,S4,GRNB,R4_1,RES,5,2021-07-15,TRRE,1,DG,-
Spring,S4,GRNB,R4_1,RES,5,2021-07-15,TRPR,1,DG,-
Spring,S2,TIMH,T2_2,TIL,1,2021-07-15,MELU,2,DG,-
Spring,S4,GRNB,R4_1,RES,13,2021-07-15,MELU,1,DG,-
Spring,S4,GRNB,R4_1,RES,13,2021-07-15,TRPR,1,DG,-
Spring,S4,DAVE,R4_3,RES,3,2021-07-15,TRRE,4,DG,-
Spring,S4,DAVE,R4_3,RES,3,2021-07-15,TRPR,3,DG,-
Spring,S4,DAVE,R4_3,RES,3,2021-07-15,AMSP,4,DG,-
Spring,S4,BNSH,R4_2,RES,25,2021-07-15,AMSP,5,DG,-
Spring,S4,BNSH,R4_2,RES,25,2021-07-15,MELU,1,DG,-
Spring,S4,BNSH,R4_2,RES,13,2021-07-15,MELU,5,DG,-
Spring,S4,BNSH,R4_2,RES,13,2021-07-15,TRPR,2,DG,-
Spring,S4,BNSH,R4_2,RES,13,2021-07-15,AMSP,2,DG,-
Spring,S4,DVAG,M4_2,MOW,11,2021-07-15,AMSP,6,DG,-
Spring,S4,DVAG,M4_2,MOW,11,2021-07-15,AMRE,1,DG,-
Spring,S4,DAVE,R4_3,RES,11,2021-07-12,AMSP,5,DG,-
Spring,S4,DAVE,R4_3,RES,11,2021-07-12,TRPR,4,DG,-
Spring,S4,AMBJ,M4_1,MOW,25,2021-07-12,CHAL,3,DG,-
Spring,S4,AMBJ,M4_1,MOW,25,2021-07-12,PONO,37,DG,-
Spring,S4,AMBJ,M4_1,MOW,25,2021-07-12,AMSP,2,DG,-
Spring,S4,AMBJ,M4_1,MOW,25,2021-07-12,OXST,2,DG,-
Spring,S4,AMBJ,M4_1,MOW,15,2021-07-12,CHAL,1,DG,-
Spring,S4,BRIM,M4_3,MOW,15,2021-07-12,AMSP,2,DG,-
Spring,S4,BRIM,M4_3,MOW,15,2021-07-12,TRPR,1,DG,-
Spring,S4,DAVE,R4_3,RES,5,2021-07-12,TRPR,2,DG,-
Spring,S4,AMBJ,M4_1,MOW,21,2021-07-12,AMSP,8,DG,-
Spring,S4,AMBJ,M4_1,MOW,21,2021-07-12,ABTH,1,DG,-
Spring,S4,AMBJ,M4_1,MOW,21,2021-07-12,AGAL,1,DG,-
Spring,S4,BNSH,R4_2,RES,3,2021-07-12,AMSP,1,DG,-
Spring,S4,DVAG,M4_2,MOW,23,2021-07-12,AMSP,1,DG,-
Spring,S4,AMBJ,M4_1,MOW,5,2021-07-12,AMSP,4,DG,-
Spring,S2,VICP,T2_1,TIL,5,2021-07-12,OXST,1,DG,-
Spring,S2,VICP,T2_1,TIL,5,2021-07-12,MELU,6,DG,-
Spring,S4,AMBJ,M4_1,MOW,1,2021-07-12,AMSP,3,DG,-
Spring,S4,DAVE,R4_3,RES,3,2021-07-12,AMSP,27,DG,-
Spring,S4,BNSH,R4_2,RES,13,2021-07-19,CIAR,1,DG,"Removed for Plant ID (DG); Originally labelled as ""CIXX"" but relabeled as ""CIAR"" (GX)"
Spring,S4,BNSH,R4_2,RES,3,2021-07-19,CIAR,3,DG,"Removed for Plant ID; Originally labelled as ""CIXX"" but relabeled as ""CIAR"" (GX)"
Spring,S4,BNSH,R4_2,RES,3,2021-07-19,TRRE,1,DG,- 
Spring,S4,DVAG,M4_2,MOW,11,2021-07-19,HEGI,3,DG,"Removed for Plant ID (DG); Originally labelled as ""HESP"" but relabelled to ""HEGI"" (GX)"
Spring,S4,BRIM,M4_3,MOW,13,2021-07-19,SOSP,2,DG,Removed for Plant ID
Spring,S4,BRIM,M4_3,MOW,13,2021-07-19,RUHI,1,DG,-
Spring,S4,DVAG,M4_2,MOW,15,2021-07-12,OEBI,4,GX,-
Spring,S4,DVAG,M4_2,MOW,15,2021-07-12,CHAL,1,GX,-
Spring,S4,DAVE,R4_3,RES,5,2021-07-12,OEBI,3,GX,-
Spring,S4,DAVE,R4_3,RES,5,2021-07-12,PAVI,1,GX,"Originally labelled as ""PACA"", but relabelled as ""PAVI"""
Spring,S4,DAVE,R4_3,RES,1,2021-07-12,OEBI,1,GX,-
Spring,S4,AMBJ,M4_1,MOW,13,2021-07-12,OEBI,84,GX,-
Spring,S4,AMBJ,M4_1,MOW,13,2021-07-12,CHAL,2,GX,-
Spring,S4,AMBJ,M4_1,MOW,25,2021-07-12,OEBI,7,GX,-
Spring,S4,DAVE,R4_3,RES,11,2021-07-12,OEBI,6,GX,-
Spring,S2,TIMH,T2_2,TIL,25,2021-07-07,MELU,1,GX,-
Spring,S2,TIMH,T2_2,TIL,25,2021-07-07,OXST,3,GX,Red Stem
Spring,S2,TIMH,T2_2,TIL,13,2021-07-07,OXST,1,GX,-
Spring,S2,TIMH,T2_2,TIL,13,2021-07-07,ANGE,1,GX,"Originally labelled as ""SEVI"", but relabelled as ""ANGE"" (GX)"
Spring,S2,VICP,T2_1,TIL,11,2021-07-07,TRPR,2,GX,-
Spring,S2,VICP,T2_1,TIL,11,2021-07-07,MELU,1,GX,-
Spring,S2,TIMH,T2_2,TIL,15,2021-07-07,OXST,1,GX,-
Spring,S2,TIMH,T2_2,TIL,15,2021-07-07,OXST,1,GX,Red Stem
Spring,S2,TIMH,T2_2,TIL,15,2021-07-07,TRPR,1,GX,-
Spring,S2,TIMH,T2_2,TIL,5,2021-07-07,OXST,1,GX,Red Stem
Spring,S2,TIMH,T2_2,TIL,23,2021-07-07,TRPR,2,GX,-
Spring,S2,TIMH,T2_2,TIL,11,2021-07-07,OXST,1,GX,Red Stem
Spring,S2,TIMH,T2_2,TIL,11,2021-07-07,ANGE,1,GX,"Originally labelled as ""SEVI"", but relabelled as ""ANGE"" (GX)"
Spring,S2,KENN,T2_3,TIL,15,2021-07-07,TRPR,1,GX,-
Spring,S2,TIMH,T2_2,TIL,3,2021-07-07,PACA,1,GX,-
Spring,S2,KENN,T2_3,TIL,3,2021-07-07,TRPR,1,GX,-
Spring,S2,VICP,T2_1,TIL,3,2021-07-07,ANGE,1,GX,"Originally labelled as ""SEVI"", but relabelled as ""ANGE"" (GX)"
Spring,S2,TIMH,T2_2,TIL,1,2021-07-07,PACA,1,GX,Millet
Spring,S2,KENN,T2_3,TIL,23,2021-07-07,PACA,2,GX,Millet
Spring,S2,VICP,T2_1,TIL,21,2021-07-07,TRPR,1,GX,-
Spring,S2,VICP,T2_1,TIL,21,2021-07-07,ANGE,1,GX,"Originally labelled as ""SEVI"", but relabelled as ""ANGE"" (GX)"
Spring,S2,KENN,T2_3,TIL,11,2021-07-07,ANGE,1,GX,"Originally labelled as ""SEVI"", but relabelled as ""ANGE"" (GX)"
Spring,S2,TIMH,T2_2,TIL,21,2021-07-07,OXST,2,GX,-
Spring,S2,TIMH,T2_2,TIL,21,2021-07-07,OXST,1,GX,Red Stem
Spring,S2,KENN,T2_3,TIL,13,2021-07-07,PACA,1,GX,Millet
Spring,S2,KENN,T2_3,TIL,5,2021-07-07,PACA,2,GX,Millet
Spring,S2,KENN,T2_3,TIL,5,2021-07-07,OXST,1,GX,Red Stem
Spring,S2,KENN,T2_3,TIL,5,2021-07-07,TRRE,1,GX,-
Spring,S4,DVAG,M4_2,MOW,5,2021-07-07,ANGE,1,GX,"Originally labelled as ""SEVI"", but relabelled as ""ANGE"" (GX)"
Spring,S4,DVAG,M4_2,MOW,23,2021-07-07,CHAL,1,GX,-
Spring,S4,DVAG,M4_2,MOW,23,2021-07-07,OEBI,3,GX,-
Spring,S4,AMBJ,M4_1,MOW,3,2021-07-07,OEBI,4,GX,
Spring,S4,AMBJ,M4_1,MOW,3,2021-07-07,CHAL,1,GX,-
Spring,S4,AMBJ,M4_1,MOW,3,2021-07-07,PAVI,1,GX,"Originally labelled as ""PACA"", but relabelled as ""PAVI"""
Spring,S4,AMBJ,M4_1,MOW,3,2021-07-07,OXST,2,GX,-
Spring,S4,AMBJ,M4_1,MOW,5,2021-07-07,AMAR,1,GX,-
Spring,S4,AMBJ,M4_1,MOW,5,2021-07-07,OEBI,2,GX,-
Spring,S4,DVAG,M4_2,MOW,21,2021-07-07,AMAR,1,GX,-
Spring,S4,DVAG,M4_2,MOW,21,2021-07-07,CHAL,4,GX,-
Spring,S4,AMBJ,M4_1,MOW,11,2021-07-07,POOL,1,GX,-
Spring,S4,BRIM,M4_3,MOW,1,2021-07-07,CELO,20,GX,-
Spring,S4,DVAG,M4_2,MOW,3,2021-07-12,OEBI,11,GX,-
Spring,S4,DVAG,M4_2,MOW,3,2021-07-12,CHAL,2,GX,-
Spring,S4,DVAG,M4_2,MOW,11,2021-07-12,OEBI,4,GX,-
Spring,S2,VICP,T2_1,TIL,1,2021-07-12,TRPR,1,GX,-
Spring,S4,AMBJ,M4_1,MOW,1,2021-07-12,OEBI,10,GX,-
Spring,S4,DAVE,R4_3,RES,21,2021-07-12,OEBI,3,GX,-
Spring,S4,DAVE,R4_3,RES,5,2021-07-12,OEBI,5,GX,-
Spring,S4,DAVE,R4_3,RES,5,2021-07-12,CHAL,1,GX,-
Spring,S4,DAVE,R4_3,RES,15,2021-07-12,OEBI,4,GX,-
Spring,S4,DAVE,R4_3,RES,15,2021-07-12,CHAL,1,GX,-
Spring,S4,DAVE,R4_3,RES,15,2021-07-12,AMAR,1,GX,-
Spring,S4,DVAG,M4_2,MOW,25,2021-07-12,OXST,2,GX,-
Spring,S4,DVAG,M4_2,MOW,25,2021-07-12,OEBI,4,GX,-
Spring,S2,TIMH,T2_2,TIL,21,2021-07-12,OXST,1,GX,-
Spring,S4,BRIM,M4_3,MOW,21,2021-07-12,OEBI,10,GX,-
Spring,S4,BRIM,M4_3,MOW,5,2021-07-12,OEBI,7,GX,-
Spring,S4,BRIM,M4_3,MOW,23,2021-07-12,OEBI,16,GX,-
Spring,S4,DAVE,R4_3,RES,25,2021-07-12,OEBI,5,GX,-
Spring,S4,AMBJ,M4_1,MOW,23,2021-07-12,PAVI,3,GX,"Originally labelled as ""PACA"", but relabelled as ""PAVI"""
Spring,S4,BRIM,M4_3,MOW,11,2021-07-12,OEBI,19,GX,-
Spring,S4,AMBJ,M4_1,MOW,11,2021-07-12,OEBI,7,GX,-
Spring,S4,DVAG,M4_2,MOW,21,2021-07-12,OEBI,1,GX,-
Spring,S4,AMBJ,M4_1,MOW,15,2021-07-12,OEBI,9,GX,-
Spring,S4,BRIM,M4_3,MOW,15,2021-07-12,OEBI,1,GX,-
Spring,S4,AMBJ,M4_1,MOW,21,2021-07-12,OEBI,23,GX,-
Spring,S4,AMBJ,M4_1,MOW,21,2021-07-12,AMAR,1,GX,-
Spring,S4,DAVE,R4_3,RES,23,2021-07-12,OEBI,3,GX,-
Spring,S4,GRNB,R4_1,RES,23,2021-07-12,OEBI,2,GX,-
Spring,S4,GRNB,R4_1,RES,5,2021-07-12,OEBI,1,GX,-
Spring,S4,DAVE,R4_3,RES,13,2021-07-12,OEBI,2,GX,-
Spring,S4,DAVE,R4_3,RES,13,2021-07-12,ANGE,2,GX,"Originally labelled as ""SEVI"", but relabelled as ""ANGE"" (GX)"
Spring,S4,DAVE,R4_3,RES,13,2021-07-12,AMAR,1,GX,-
Spring,S4,BNSH,R4_2,RES,5,2021-07-12,OXST,5,GX,-
Spring,S4,BNSH,R4_2,RES,5,2021-07-12,RUHI,1,GX,-
Spring,S2,KENN,T2_3,TIL,5,2021-07-12,TRPR,1,GX,-
Spring,S4,DVAG,M4_2,MOW,23,2021-07-12,OEBI,1,GX,-
Spring,S4,BRIM,M4_3,MOW,3,2021-07-12,OEBI,20,GX,-
Spring,S4,BNSH,R4_2,RES,13,2021-07-19,CIAR,1,DG,"Remove for ID; Originally labelled as ""CIXX"" but relabeled as ""CIAR"" (GX)"
Spring,S4,BNSH,R4_2,RES,3,2021-07-19,CIAR,3,DG,"Originally labelled as ""CIXX"" but relabeled as ""CIAR"" (GX)"
Spring,S4,BNSH,R4_2,RES,3,2021-07-19,TRRE,2,DG,
Spring,S4,DVAG,M4_2,MOW,11,2021-07-19,HEGI,3,DG,"Remove for ID; Originally labelled as ""HESP"" but relabelled to ""HEGI"" (GX)"
Spring,S4,BRIM,M4_3,MOW,13,2021-07-19,RUHI,1,DG,
Spring,S4,BRIM,M4_3,MOW,11,2021-07-22,PONO,100,DG,
Spring,S4,BRIM,M4_3,MOW,11,2021-07-22,PONO,100,DG,
Spring,S4,BRIM,M4_3,MOW,11,2021-07-22,PONO,100,DG,
Spring,S4,BRIM,M4_3,MOW,11,2021-07-22,PONO,100,DG,
Spring,S4,BRIM,M4_3,MOW,11,2021-07-22,PONO,45,DG,
Spring,S4,BNSH,R4_2,RES,21,2021-07-22,PAVI,1,DG,"Originally labelled as ""PACA"", but relabelled as ""PAVI"""
Spring,S4,BNSH,R4_2,RES,23,2021-07-22,DACA,1,DG,
Spring,S4,BNSH,R4_2,RES,23,2021-07-22,MEAR,17,DG,
Spring,S4,BNSH,R4_2,RES,23,2021-07-22,RUHI,3,DG,
Spring,S4,DAVE,R4_3,RES,3,2021-07-22,TRPR,1,DG,
Spring,S4,DAVE,R4_3,RES,5,2021-07-22,RUHI,1,DG,
Spring,S4,BNSH,R4_2,RES,5,2021-07-22,OXST,1,DG,
Spring,S4,BNSH,R4_2,RES,5,2021-07-22,AMSP,1,DG,
Spring,S4,BNSH,R4_2,RES,5,2021-07-22,RUHI,7,DG,
Spring,S2,VICP,T2_1,TIL,5,2021-07-22,TRPR,1,DG,
Spring,S4,BRIM,M4_3,MOW,3,2021-07-22,PONO,10,DG,
Spring,S4,BRIM,M4_3,MOW,3,2021-07-22,RUHI,2,DG,
Spring,S4,DAVE,R4_3,RES,23,2021-07-22,PONO,2,DG,
Spring,S4,DAVE,R4_3,RES,23,2021-07-22,TRPR,1,DG,
Spring,S4,DAVE,R4_3,RES,23,2021-07-22,HEGI,4,DG,"Originally labelled as ""HESP"" but relabelled to ""HEGI"" (GX)"
Spring,S4,DAVE,R4_3,RES,23,2021-07-22,RUHI,1,DG,
Spring,S4,AMBJ,M4_1,MOW,1,2021-07-22,AMSP,1,DG,
Spring,S4,BRIM,M4_3,MOW,25,2021-08-08,PAMI,1,GX,
Spring,S4,BRIM,M4_3,MOW,15,2021-08-08,ANGE,1,GX,"Originally labelled as ""SEVI"", but relabelled as ""ANGE"" (GX)"
Spring,S4,AMBJ,M4_1,MOW,23,2021-08-08,HEGI,2,GX,
Spring,S4,AMBJ,M4_1,MOW,23,2021-08-08,SIPE,1,GX,
Spring,S4,DAVE,R4_3,RES,11,2021-08-08,OEBI,1,GX,
Spring,S2,TIMH,T2_2,TIL,5,2021-08-08,VEST,1,GX,
Spring,S4,BNSH,R4_2,RES,13,2021-08-08,HEGI,1,GX,
Spring,S4,BNSH,R4_2,RES,13,2021-08-08,SOSP,4,GX,
Spring,S4,DVAG,M4_2,MOW,25,2021-08-08,HEGI,1,GX,
Spring,S4,DVAG,M4_2,MOW,25,2021-08-08,SOSP,2,GX,
Spring,S4,AMBJ,M4_1,MOW,13,2021-08-08,SOSP,8,GX,
Spring,S4,AMBJ,M4_1,MOW,13,2021-08-08,OEBI,1,GX,
Spring,S4,GRNB,R4_1,RES,21,2021-08-08,SOSP,32,GX,
Spring,S4,GRNB,R4_1,RES,21,2021-08-08,TRPR,1,GX,
Spring,S4,DAVE,R4_3,RES,3,2021-08-08,ANGE,2,GX,"Originally labelled as ""SEVI"", but relabelled as ""ANGE"" (GX)"
Spring,S4,DAVE,R4_3,RES,3,2021-08-08,SOSP,1,GX,
Spring,S4,DAVE,R4_3,RES,3,2021-08-08,COCA,1,GX,
Spring,S4,DAVE,R4_3,RES,3,2021-08-08,OEBI,1,GX,
Spring,S4,DVAG,M4_2,MOW,5,2021-08-08,SOSP,1,GX,
Spring,S4,DVAG,M4_2,MOW,11,2021-08-08,HEHE,2,GX,
Spring,S4,DVAG,M4_2,MOW,11,2021-08-08,SOSP,2,GX,
Spring,S4,AMBJ,M4_1,MOW,5,2021-08-08,SOSP,14,GX,
Spring,S4,AMBJ,M4_1,MOW,5,2021-08-08,CHAL,1,GX,
Spring,S4,AMBJ,M4_1,MOW,5,2021-08-08,HEHE,3,GX,
Spring,S4,AMBJ,M4_1,MOW,5,2021-08-08,OEBI,1,GX,
Spring,S4,BNSH,R4_2,RES,11,2021-08-08,SOSP,41,GX,
Spring,S4,BNSH,R4_2,RES,15,2021-08-08,HEGI,3,GX,
Spring,S4,BNSH,R4_2,RES,15,2021-08-08,MOFI,1,GX,
Spring,S4,BNSH,R4_2,RES,15,2021-08-08,COCA,4,GX,
Spring,S4,BNSH,R4_2,RES,15,2021-08-08,SOSP,39,GX,
Spring,S4,BNSH,R4_2,RES,15,2021-08-08,PAMI,1,GX,
Spring,S4,BNSH,R4_2,RES,25,2021-08-08,HEHE,2,GX,
Spring,S4,BNSH,R4_2,RES,25,2021-08-08,SOSP,24,GX,
Spring,S4,DVAG,M4_2,MOW,3,2021-08-08,OEBI,2,GX,
Spring,S4,DVAG,M4_2,MOW,3,2021-08-08,SOSP,1,GX,
Spring,S4,DVAG,M4_2,MOW,3,2021-08-08,HEHE,1,GX,
Spring,S4,BRIM,M4_3,MOW,21,2021-07-30,SOSP,55,DG,
Spring,S4,BRIM,M4_3,MOW,21,2021-07-30,RUHI,6,DG,
Spring,S4,BRIM,M4_3,MOW,5,2021-07-30,AMSP,2,DG,
Spring,S4,GRNB,R4_1,RES,1,2021-07-31,SOSP,31,DG,
Spring,S4,DAVE,R4_3,RES,15,2021-07-31,PONO,2,DG,
Spring,S4,DAVE,R4_3,RES,15,2021-07-31,TRPR,2,DG,
Spring,S4,DAVE,R4_3,RES,15,2021-07-31,HEGI,3,DG,"Originally labelled as ""HESP"" but relabelled to ""HEGI"" (GX)"
Spring,S4,DAVE,R4_3,RES,15,2021-07-31,RUHI,2,DG,
Spring,S4,DAVE,R4_3,RES,15,2021-07-31,DACA,2,DG,
Spring,S4,DAVE,R4_3,RES,15,2021-07-31,SOSP,6,DG,
Spring,S4,AMBJ,M4_1,MOW,1,2021-07-31,SONI,1,DG,
Spring,S4,DAVE,R4_3,RES,5,2021-07-31,SOSP,4,DG,
Spring,S4,DAVE,R4_3,RES,5,2021-07-31,RUHI,1,DG,
Spring,S4,AMBJ,M4_1,MOW,11,2021-07-31,PLMA,1,DG,
Spring,S4,AMBJ,M4_1,MOW,11,2021-07-31,HEGI,1,DG,"Originally labelled as ""HESP"" but relabelled to ""HEGI"" (GX)"
Spring,S4,AMBJ,M4_1,MOW,11,2021-07-31,RUHI,2,DG,
Spring,S4,AMBJ,M4_1,MOW,11,2021-07-31,SOSP,2,DG,
Spring,S4,BRIM,M4_3,MOW,15,2021-07-31,DACA,1,DG,
Spring,S4,BRIM,M4_3,MOW,15,2021-07-31,RUHI,2,DG,
Spring,S4,BRIM,M4_3,MOW,15,2021-07-31,AMSP,1,DG,
Spring,S4,BRIM,M4_3,MOW,15,2021-07-31,SOSP,5,DG,
Spring,S4,GRNB,R4_1,RES,15,2021-07-31,SOSP,36,DG,
Spring,S4,BRIM,M4_3,MOW,23,2021-07-31,RUHI,2,DG,
Spring,S4,BNSH,R4_2,RES,25,2021-07-31,SOSP,45,DG,
Spring,S4,BNSH,R4_2,RES,25,2021-07-31,PLMA,3,DG,
Spring,S4,BNSH,R4_2,RES,13,2021-07-31,SOSP,13,DG,
Spring,S4,BRIM,M4_3,MOW,25,2021-08-06,RUHI,1,DG,
Spring,S4,BRIM,M4_3,MOW,25,2021-08-06,OEBI,3,DG,
Spring,S4,DVAG,M4_2,MOW,1,2021-08-06,PEMU,9,DG,
Spring,S4,DVAG,M4_2,MOW,1,2021-08-06,TRPR,2,DG,
Spring,S4,DVAG,M4_2,MOW,1,2021-08-06,DACA,1,DG,
Spring,S4,DVAG,M4_2,MOW,1,2021-08-06,CHAL,1,DG,
Spring,S4,DVAG,M4_2,MOW,1,2021-08-06,PLMA,8,DG,
Spring,S4,DVAG,M4_2,MOW,13,2021-08-06,POAR,2,DG,
Spring,S4,AMBJ,M4_1,MOW,23,2021-08-06,OEBI,2,DG,
Spring,S4,AMBJ,M4_1,MOW,23,2021-08-06,CHAL,2,DG,
Spring,S4,AMBJ,M4_1,MOW,23,2021-08-06,AMSP,7,DG,
Spring,S4,DAVE,R4_3,RES,11,2021-08-06,PLMA,1,DG,
Spring,S4,DAVE,R4_3,RES,11,2021-08-06,AMSP,1,DG,
Spring,S2,KENN,T2_3,TIL,5,2021-08-06,TRPR,2,DG,
Spring,S4,BNSH,R4_2,RES,13,2021-08-06,RUHI,2,DG,
Spring,S4,BNSH,R4_2,RES,13,2021-08-06,PLMA,1,DG,
Spring,S4,BNSH,R4_2,RES,13,2021-08-06,MELU,1,DG,
Spring,S4,AMBJ,M4_1,MOW,13,2021-08-06,OEBI,14,DG,
Spring,S4,AMBJ,M4_1,MOW,13,2021-08-06,MELU,1,DG,
Spring,S4,AMBJ,M4_1,MOW,13,2021-08-06,CHAL,1,DG,
Spring,S4,GRNB,R4_1,RES,25,2021-08-06,POAR,1,DG,
Spring,S2,VICP,T2_1,TIL,11,2021-08-06,PONO,1,DG,
Spring,S4,AMBJ,M4_1,MOW,5,2021-08-06,POAR,3,DG,
Spring,S4,AMBJ,M4_1,MOW,5,2021-08-06,AMSP,3,DG,
Spring,S4,BNSH,R4_2,RES,11,2021-08-06,RUHI,2,DG,
Spring,S4,BNSH,R4_2,RES,11,2021-08-06,RUCR,4,DG,
Spring,S4,BNSH,R4_2,RES,11,2021-08-06,MESA,1,DG,
Spring,S4,BNSH,R4_2,RES,23,2021-08-06,COCA,7,DG,
Spring,S4,BNSH,R4_2,RES,23,2021-08-06,AMSP,3,DG,
Spring,S4,BNSH,R4_2,RES,23,2021-08-06,RUCR,2,DG,
Spring,S4,DVAG,M4_2,MOW,3,2021-08-06,COCA,2,DG,
Spring,S4,DVAG,M4_2,MOW,3,2021-08-06,PLMA,2,DG,
Spring,S4,GRNB,R4_1,RES,3,2021-08-06,PRVU,1,DG,
Spring,S4,AMBJ,M4_1,MOW,11,2021-08-06,OEBI,1,DG,
Spring,S4,GRNB,R4_1,RES,11,2021-08-06,POAR,1,DG,
Spring,S4,BRIM,M4_3,MOW,1,2021-08-06,OEBI,3,DG,
Spring,S4,BRIM,M4_3,MOW,1,2021-08-06,RUHI,4,DG,
Spring,S4,AMBJ,M4_1,MOW,21,2021-07-27,HEGI,2,DG,"Originally labelled as ""HESP"" but relabelled to ""HEGI"" (GX)"
Spring,S4,AMBJ,M4_1,MOW,21,2021-07-27,CIAR,1,DG,"Originally labelled as ""CISP"" but relabeled as ""CIAR"" (GX)"
Spring,S4,AMBJ,M4_1,MOW,21,2021-07-27,RUHI,1,DG,
Spring,S4,BNSH,R4_2,RES,15,2021-07-27,AMSP,11,DG,
Spring,S4,BNSH,R4_2,RES,15,2021-07-27,HEGI,2,DG,"Originally labelled as ""HESP"" but relabelled to ""HEGI"" (GX)"
Spring,S4,BNSH,R4_2,RES,15,2021-07-27,TRPR,1,DG,
Spring,S4,GRNB,R4_1,RES,3,2021-07-27,RUHI,1,DG,
Spring,S4,GRNB,R4_1,RES,3,2021-07-27,TRPR,1,DG,
Spring,S4,BNSH,R4_2,RES,5,2021-07-27,ACRH,2,DG,
Spring,S4,BNSH,R4_2,RES,5,2021-07-27,CIAR,3,DG,"Originally labelled as ""CIXX"" but relabeled as ""CIAR"" (GX)"
Spring,S4,BNSH,R4_2,RES,5,2021-07-27,AMSP,1,DG,
Spring,S4,BNSH,R4_2,RES,5,2021-07-27,HEGI,1,DG,"Originally labelled as ""HESP"" but relabelled to ""HEGI"" (GX)"
Spring,S4,AMBJ,M4_1,MOW,11,2021-07-27,RUHI,1,DG,
Spring,S4,AMBJ,M4_1,MOW,11,2021-07-27,PLMA,2,DG,
Spring,S4,AMBJ,M4_1,MOW,11,2021-07-27,HEGI,6,DG,"Originally labelled as ""HESP"" but relabelled to ""HEGI"" (GX)"
Spring,S4,BNSH,R4_2,RES,1,2021-07-27,RUHI,1,DG,
Spring,S4,BRIM,M4_3,MOW,5,2021-07-27,AMSP,1,DG,
Spring,S4,BRIM,M4_3,MOW,15,2021-07-27,RUHI,7,DG,
Spring,S4,DVAG,M4_2,MOW,5,2021-07-27,AMSP,1,DG,
Spring,S4,DAVE,R4_3,RES,1,2021-07-27,CIAR,3,DG,"Originally labelled as ""CIXX"" but relabeled as ""CIAR"" (GX)"
Spring,S4,DAVE,R4_3,RES,1,2021-07-27,HEGI,1,DG,"Originally labelled as ""HESP"" but relabelled to ""HEGI"" (GX)"
Spring,S4,DAVE,R4_3,RES,13,2021-07-27,HEGI,2,DG,"Originally labelled as ""HESP"" but relabelled to ""HEGI"" (GX)"
Spring,S4,DAVE,R4_3,RES,13,2021-07-27,RUHI,3,DG,
Spring,S4,DAVE,R4_3,RES,11,2021-07-27,HEGI,6,DG,"Originally labelled as ""HESP"" but relabelled to ""HEGI"" (GX)"
Spring,S4,DVAG,M4_2,MOW,1,2021-07-27,HEGI,22,DG,"Originally labelled as ""HESP"" but relabelled to ""HEGI"" (GX)"
Spring,S4,AMBJ,M4_1,MOW,25,2021-07-27,OXST,1,DG,
Spring,S4,AMBJ,M4_1,MOW,25,2021-07-27,CHAL,1,DG,
Spring,S4,AMBJ,M4_1,MOW,25,2021-07-27,PONO,10,DG,
Spring,S4,AMBJ,M4_1,MOW,25,2021-07-27,RUHI,1,DG,
Spring,S4,AMBJ,M4_1,MOW,25,2021-07-27,PLMA,1,DG,
Spring,S4,DVAG,M4_2,MOW,25,2021-07-30,POAR,2,DG,
Spring,S4,DVAG,M4_2,MOW,25,2021-07-30,SOSP,11,DG,
Spring,S4,GRNB,R4_1,RES,5,2021-07-30,SOSP,9,DG,
Spring,S4,GRNB,R4_1,RES,3,2021-07-30,SOSP,11,DG,
Spring,S4,GRNB,R4_1,RES,3,2021-07-30,POAR,9,DG,
Spring,S2,KENN,T2_3,TIL,5,2021-07-30,PLMA,1,DG,
Spring,S4,DVAG,M4_2,MOW,23,2021-07-30,HEGI,7,DG,"Originally labelled as ""HESP"" but relabelled to ""HEGI"" (GX)"
Spring,S4,DVAG,M4_2,MOW,23,2021-07-30,SOSP,5,DG,
Spring,S4,AMBJ,M4_1,MOW,21,2021-07-30,SOSP,30,DG,
Spring,S4,AMBJ,M4_1,MOW,21,2021-07-30,AMSP,2,DG,
Spring,S4,DAVE,R4_3,RES,13,2021-07-30,SOSP,23,DG,
Spring,S4,DAVE,R4_3,RES,13,2021-07-30,TRPR,1,DG,
Spring,S4,GRNB,R4_1,RES,13,2021-07-30,SOSP,5,DG,
Spring,S4,DVAG,M4_2,MOW,5,2021-07-30,SOSP,24,DG,
Spring,S4,GRNB,R4_1,RES,25,2021-07-30,SOSP,1,DG,
Spring,S4,GRNB,R4_1,RES,25,2021-07-30,POAR,7,DG,
Spring,S4,GRNB,R4_1,RES,25,2021-07-30,PONO,1,DG,
Spring,S4,GRNB,R4_1,RES,25,2021-07-30,MELU,1,DG,
Spring,S4,DAVE,R4_3,RES,3,2021-07-30,OXST,2,DG,
Spring,S4,DAVE,R4_3,RES,3,2021-07-30,SOSP,19,DG,
Spring,S4,DAVE,R4_3,RES,3,2021-07-30,POAR,9,DG,
Spring,S4,DAVE,R4_3,RES,3,2021-07-30,TRPR,1,DG,
Spring,S4,DAVE,R4_3,RES,3,2021-07-30,HEGI,5,DG,"Originally labelled as ""HESP"" but relabelled to ""HEGI"" (GX)"
Spring,S4,DAVE,R4_3,RES,1,2021-07-30,SOSP,9,DG,
Spring,S4,GRNB,R4_1,RES,1,2021-07-30,SOSP,16,DG,
Spring,S4,BRIM,M4_3,MOW,13,2021-07-30,RUHI,1,DG,
Spring,S4,BRIM,M4_3,MOW,13,2021-07-30,PLMA,1,DG,
Spring,S4,BRIM,M4_3,MOW,13,2021-07-30,MELU,1,DG,
Spring,S4,BRIM,M4_3,MOW,25,2021-07-30,AMSP,10,DG,
Spring,S4,BRIM,M4_3,MOW,25,2021-07-30,SOSP,2,DG,
Spring,S4,BRIM,M4_3,MOW,25,2021-07-30,RUHI,2,DG,
Spring,S4,BNSH,R4_2,RES,21,2021-07-30,HEGI,1,DG,"Originally labelled as ""HESP"" but relabelled to ""HEGI"" (GX)"
Spring,S4,BNSH,R4_2,RES,21,2021-07-30,RUCR,16,DG,
Spring,S4,BNSH,R4_2,RES,5,2021-07-30,TRPR,1,DG,
Spring,S4,BNSH,R4_2,RES,5,2021-07-30,SOSP,30,DG,
Spring,S4,BRIM,M4_3,MOW,21,2021-07-30,RUCR,1,DG,
Spring,S4,BRIM,M4_3,MOW,25,2021-08-18,LACO,1,DG,
Spring,S4,BRIM,M4_3,MOW,25,2021-08-18,AMSP,1,DG,
Spring,S4,GRNB,R4_1,RES,3,2021-08-18,COCA,1,DG,"Originally labelled as ""ERCA"" (Erigeron canadensis) but changed to ""COCA"" (Conzya candensis); this is a taxonomic synonym but the codes should be consistent across the fall and spring dataset (GX)"
Spring,S4,GRNB,R4_1,RES,3,2021-08-18,POAR,1,DG,
Spring,S4,DAVE,R4_3,RES,11,2021-08-18,MOFI,2,DG,
Spring,S4,DAVE,R4_3,RES,11,2021-08-18,COCA,6,DG,"Originally labelled as ""ERCA"" (Erigeron canadensis) but changed to ""COCA"" (Conzya candensis); this is a taxonomic synonym but the codes should be consistent across the fall and spring dataset (GX)"
Spring,S4,DAVE,R4_3,RES,11,2021-08-18,COLA,4,DG,
Spring,S4,BRIM,M4_3,MOW,21,2021-08-18,RUCR,3,DG,
Spring,S4,BNSH,R4_2,RES,21,2021-08-18,DACA,1,DG,
Spring,S4,BNSH,R4_2,RES,21,2021-08-18,CHAL,2,DG,
Spring,S4,BNSH,R4_2,RES,21,2021-08-18,RUCR,4,DG,
Spring,S4,BNSH,R4_2,RES,21,2021-08-18,SOSP,1,DG,
Spring,S4,BNSH,R4_2,RES,21,2021-08-18,RUHI,4,DG,
Spring,S4,BNSH,R4_2,RES,21,2021-08-18,MESA,5,DG,
Spring,S4,BNSH,R4_2,RES,11,2021-08-18,TRPR,1,DG,
Spring,S4,DVAG,M4_2,MOW,3,2021-08-18,CHAL,1,DG,
Spring,S4,DVAG,M4_2,MOW,3,2021-08-18,OXST,1,DG,
Spring,S4,DVAG,M4_2,MOW,3,2021-08-18,RUCR,10,DG,
Spring,S4,DAVE,R4_3,RES,1,2021-08-18,SOSP,1,DG,
Spring,S4,BNSH,R4_2,RES,23,2021-08-18,PLMA,2,DG,
Spring,S4,BNSH,R4_2,RES,23,2021-08-18,SOSP,13,DG,
Spring,S4,BNSH,R4_2,RES,23,2021-08-18,CHAL,1,DG,
Spring,S4,BNSH,R4_2,RES,23,2021-08-18,MOFI,4,DG,
Spring,S4,BNSH,R4_2,RES,23,2021-08-18,RUCR,2,DG,
Spring,S4,BNSH,R4_2,RES,23,2021-08-18,TRPR,2,DG,
Spring,S4,BNSH,R4_2,RES,23,2021-08-18,LACO,4,DG,
Spring,S4,GRNB,R4_1,RES,11,2021-08-18,SOSP,2,DG,
Spring,S4,DVAG,M4_2,MOW,13,2021-08-18,SOSP,1,DG,
Spring,S4,BRIM,M4_3,MOW,5,2021-08-16,OEBI,1,DG,
Spring,S4,GRNB,R4_1,RES,5,2021-08-16,SOSP,1,DG,
Spring,S4,AMBJ,M4_1,MOW,25,2021-08-16,DECA,1,DG,
Spring,S4,GRNB,R4_1,RES,25,2021-08-16,RHTY,1,DG,
Spring,S4,AMBJ,M4_1,MOW,21,2021-08-16,OEBI,1,DG,
Spring,S4,AMBJ,M4_1,MOW,21,2021-08-16,LACO,1,DG,
Spring,S4,AMBJ,M4_1,MOW,21,2021-08-16,SOSP,1,DG,
Spring,S4,BRIM,M4_3,MOW,3,2021-08-16,PONO,3,DG,
Spring,S4,BRIM,M4_3,MOW,3,2021-08-16,OEBI,1,DG,
Spring,S4,DVAG,M4_2,MOW,23,2021-08-16,HEGI,1,DG,
Spring,S4,DVAG,M4_2,MOW,11,2021-08-16,AMSP,5,DG,
Spring,S4,DVAG,M4_2,MOW,11,2021-08-16,PONO,1,DG,
Spring,S4,DVAG,M4_2,MOW,11,2021-08-16,TRPR,2,DG,
Spring,S4,BRIM,M4_3,MOW,23,2021-08-16,OEBI,1,DG,
Spring,S4,DAVE,R4_3,RES,25,2021-08-16,PONO,1,DG,"Originally labelled as ""FRVE"" but relabeled as ""PONO"" (GX)"
Spring,S4,BRIM,M4_3,MOW,11,2021-08-16,PONO,71,DG,
Spring,S4,AMBJ,M4_1,MOW,11,2021-08-16,DECA,1,DG,
Spring,S4,BNSH,R4_2,RES,15,2021-08-16,AMSP,10,DG,
Spring,S4,DVAG,M4_2,MOW,1,2021-08-16,PONO,2,DG,"Originally labelled as ""FRVE"" but relabeled as ""PONO"" (GX)"
Spring,S4,BNSH,R4_2,RES,25,2021-08-16,COCA,4,DG,"Originally labelled as ""ERCA"" (Erigeron canadensis) but changed to ""COCA"" (Conzya candensis); this is a taxonomic synonym but the codes should be consistent across the fall and spring dataset (GX)"
Spring,S4,BNSH,R4_2,RES,25,2021-08-16,PLMA,1,DG,
Spring,S4,BNSH,R4_2,RES,1,2021-08-16,POAR,2,DG,
Spring,S4,BNSH,R4_2,RES,1,2021-08-16,RUHI,4,DG,
Spring,S4,GRNB,R4_1,RES,15,2021-08-16,MOFI,1,DG,
Spring,S4,GRNB,R4_1,RES,15,2021-08-16,SOSP,3,DG,
Spring,S4,BRIM,M4_3,MOW,15,2021-08-13,LACO,4,DG,
Spring,S4,BRIM,M4_3,MOW,15,2021-08-13,RUHI,1,DG,
Spring,S4,DAVE,R4_3,RES,5,2021-08-13,HYPE,6,DG,
Spring,S4,DAVE,R4_3,RES,25,2021-08-13,AMSP,2,DG,
Spring,S4,AMBJ,M4_1,MOW,23,2021-08-13,AMSP,1,DG,
Spring,S4,AMBJ,M4_1,MOW,23,2021-08-13,OEBI,1,DG,
Spring,S4,BRIM,M4_3,MOW,11,2021-08-13,LACO,3,DG,
Spring,S4,GRNB,R4_1,RES,21,2021-08-13,LACO,1,DG,
Spring,S4,DAVE,R4_3,RES,21,2021-08-13,SOSP,28,DG,
Spring,S4,DAVE,R4_3,RES,21,2021-08-13,HEGI,1,DG,
Spring,S4,DAVE,R4_3,RES,21,2021-08-13,HEHE,1,DG,
Spring,S4,BRIM,M4_3,MOW,1,2021-08-13,LACO,1,DG,
Spring,S4,BRIM,M4_3,MOW,1,2021-08-13,COCA,1,DG,
Spring,S4,BNSH,R4_2,RES,5,2021-08-13,OEBI,1,DG,
Spring,S4,BNSH,R4_2,RES,5,2021-08-13,TRPR,4,DG,
Spring,S4,BNSH,R4_2,RES,5,2021-08-13,AMSP,1,DG,
Spring,S4,BNSH,R4_2,RES,5,2021-08-13,COCA,4,DG,
Spring,S4,BNSH,R4_2,RES,5,2021-08-13,SOSP,5,DG,
Spring,S4,BNSH,R4_2,RES,5,2021-08-13,RUHI,1,DG,
Spring,S4,AMBJ,M4_1,MOW,11,2021-08-13,LACO,3,DG,
Spring,S4,AMBJ,M4_1,MOW,11,2021-08-13,COCA,1,DG,
Spring,S4,DAVE,R4_3,RES,3,2021-08-13,TRRE,1,DG,
Spring,S4,DAVE,R4_3,RES,3,2021-08-13,AMSP,2,DG,
Spring,S4,BRIM,M4_3,MOW,25,2021-08-13,LACO,3,DG,
Spring,S4,DAVE,R4_3,RES,13,2021-08-13,SOSP,1,DG,
Spring,S4,DAVE,R4_3,RES,13,2021-08-13,PLMA,1,DG,
Spring,S4,DAVE,R4_3,RES,13,2021-08-13,MOFI,1,DG,
Spring,S4,GRNB,R4_1,RES,13,2021-08-11,SOSP,4,DG,
Spring,S4,AMBJ,M4_1,MOW,25,2021-08-11,SOSP,3,DG,
Spring,S4,AMBJ,M4_1,MOW,25,2021-08-11,OXST,1,DG,
Spring,S4,DAVE,R4_3,RES,23,2021-08-11,SOSP,14,DG,
Spring,S4,DAVE,R4_3,RES,23,2021-08-11,MOFI,1,DG,
Spring,S4,BRIM,M4_3,MOW,5,2021-08-11,AMSP,1,DG,
Spring,S4,BRIM,M4_3,MOW,5,2021-08-11,SOSP,1,DG,
Spring,S4,BRIM,M4_3,MOW,13,2021-08-11,SOSP,6,DG,
Spring,S4,AMBJ,M4_1,MOW,15,2021-08-11,SOSP,5,DG,
Spring,S4,BNSH,R4_2,RES,21,2021-08-11,COCA,1,DG,
Spring,S4,BNSH,R4_2,RES,21,2021-08-11,RUCR,6,DG,
Spring,S4,GRNB,R4_1,RES,1,2021-08-11,SOSP,3,DG,
Spring,S4,BNSH,R4_2,RES,3,2021-08-11,SOSP,2,DG,
Spring,S4,BNSH,R4_2,RES,3,2021-08-11,HEHE,1,DG,
Spring,S4,BNSH,R4_2,RES,3,2021-08-11,CIAR,1,DG,"Originally labelled as ""CIXX"" but relabeled as ""CIAR"" (GX)"
Spring,S4,BNSH,R4_2,RES,3,2021-08-11,RUHI,2,DG,
Spring,S4,BNSH,R4_2,RES,3,2021-08-11,AMSP,8,DG,
Spring,S4,GRNB,R4_1,RES,11,2021-08-11,SOSP,8,DG,
Spring,S4,DVAG,M4_2,MOW,1,2021-08-11,RUCR,11,DG,
Spring,S4,DVAG,M4_2,MOW,13,2021-08-11,SOSP,4,DG,
Spring,S2,TIMH,T2_2,TIL,13,2021-08-09,OXST,1,DG,
Spring,S4,DAVE,R4_3,RES,1,2021-08-09,OEBI,2,DG,
Spring,S4,DAVE,R4_3,RES,1,2021-08-09,TRPR,1,DG,
Spring,S4,BNSH,R4_2,RES,21,2021-08-09,RUHI,1,DG,
Spring,S4,DAVE,R4_3,RES,13,2021-08-09,OEBI,1,DG,
Spring,S4,BRIM,M4_3,MOW,3,2021-08-09,OEBI,1,DG,
Spring,S4,BRIM,M4_3,MOW,3,2021-08-09,PONO,5,DG,
Spring,S4,DAVE,R4_3,RES,21,2021-08-09,COCA,1,DG,
Spring,S4,DAVE,R4_3,RES,21,2021-08-09,OXST,1,DG,
Spring,S4,AMBJ,M4_1,MOW,21,2021-08-09,OEBI,2,DG,
Spring,S4,BRIM,M4_3,MOW,21,2021-08-09,AMSP,1,DG,
Spring,S4,DAVE,R4_3,RES,15,2021-08-09,OEBI,1,DG,
Spring,S4,DAVE,R4_3,RES,15,2021-08-09,TRPR,3,DG,
Spring,S4,DAVE,R4_3,RES,15,2021-08-09,OXST,1,DG,
Spring,S4,BRIM,M4_3,MOW,11,2021-08-09,OEBI,4,DG,
Spring,S4,BRIM,M4_3,MOW,11,2021-08-09,PONO,2,DG,
Spring,S4,BRIM,M4_3,MOW,11,2021-08-09,RUHI,1,DG,
Spring,S4,AMBJ,M4_1,MOW,25,2021-08-24,DECA,1,GX,
Spring,S2,TIMH,T2_2,TIL,23,2021-08-24,SONU,1,GX,
Spring,S2,KENN,T2_3,TIL,11,2021-08-24,SONU,1,GX,
Spring,S4,DAVE,R4_3,RES,25,2021-08-24,ANGE,1,GX,
Spring,S4,DAVE,R4_3,RES,5,2021-08-24,AGST,1,GX,
Spring,S4,DAVE,R4_3,RES,5,2021-08-24,VEST,1,GX,
Spring,S2,VICP,T2_1,TIL,21,2021-08-24,LOPE,1,GX,
Spring,S4,DAVE,R4_3,RES,21,2021-08-24,ANGE,1,GX,"Originally labelled as ""CAREX"" but relabeled as ""ANGE"" (GX)"
Spring,S2,KENN,T2_3,TIL,13,2021-08-24,SONU,1,GX,
Spring,S4,DAVE,R4_3,RES,1,2021-08-24,ANGE,1,GX,
Spring,S4,BRIM,M4_3,MOW,25,2021-08-24,CELO,1,GX,
Spring,S2,TIMH,T2_2,TIL,3,2021-08-24,ERCI,1,GX,Stinkgrass!
Spring,S4,GRNB,R4_1,RES,5,2021-09-07,MOAL,1,DG,Morus alba: Removed for id
Spring,S4,BNSH,R4_2,RES,15,2021-09-07,PYTE,3,DG,
Spring,S4,DAVE,R4_3,RES,21,2021-09-07,LIVU,2,DG,Linnaire vulgare
Spring,S4,DAVE,R4_3,RES,21,2021-09-07,PONO,1,DG,
Spring,S4,DAVE,R4_3,RES,21,2021-09-07,VEST,1,DG,
Spring,S4,DAVE,R4_3,RES,21,2021-09-07,SOSP,1,DG,
Spring,S4,DAVE,R4_3,RES,5,2021-09-07,RUHI,1,DG,
Spring,S4,DAVE,R4_3,RES,5,2021-09-07,AMSP,1,DG,
Spring,S4,BRIM,M4_3,MOW,23,2021-09-07,MELU,4,DG,
Spring,S4,BRIM,M4_3,MOW,23,2021-09-07,RUHI,1,DG,
Spring,S4,BRIM,M4_3,MOW,23,2021-09-07,RUCR,1,DG,
Spring,S4,BRIM,M4_3,MOW,23,2021-09-07,DACA,1,DG,
Spring,S4,GRNB,R4_1,RES,15,2021-09-07,SOSP,1,DG,
Spring,S4,GRNB,R4_1,RES,15,2021-09-07,TRRE,1,DG,
Spring,S4,DAVE,R4_3,RES,13,2021-09-07,SOSP,1,DG,
Spring,S4,BNSH,R4_2,RES,13,2021-09-07,LIVU,7,DG,
Spring,S4,BNSH,R4_2,RES,13,2021-09-07,PYTE,5,DG,
Spring,S4,BNSH,R4_2,RES,13,2021-09-07,SOSP,1,DG,
Spring,S4,BNSH,R4_2,RES,13,2021-09-07,RUHI,1,DG,
Spring,S4,DVAG,M4_2,MOW,11,2021-09-07,LIVU,1,DG,
Spring,S4,AMBJ,M4_1,MOW,13,2021-09-07,LIVU,2,DG,
Spring,S4,AMBJ,M4_1,MOW,13,2021-09-07,LACO,2,DG,
Spring,S4,DVAG,M4_2,MOW,23,2021-09-07,PYTE,1,DG,
Spring,S4,DVAG,M4_2,MOW,25,2021-09-07,LIVU,7,DG,
Spring,S4,DVAG,M4_2,MOW,25,2021-09-07,SOSP,1,DG,
Spring,S4,BNSH,R4_2,RES,5,2021-09-07,PYTE,18,DG,
Spring,S4,BNSH,R4_2,RES,5,2021-09-07,LIVU,8,DG,
Spring,S4,BNSH,R4_2,RES,5,2021-09-07,SOSP,1,DG,
Spring,S4,BRIM,M4_3,MOW,15,2021-09-07,LIVU,4,DG,
Spring,S4,BNSH,R4_2,RES,15,2021-09-07,LIVU,1,DG,
Spring,S4,BNSH,R4_2,RES,15,2021-09-07,PYTE,6,DG,
Spring,S4,BNSH,R4_2,RES,15,2021-09-07,RUHI,6,DG,
Spring,S4,BNSH,R4_2,RES,15,2021-09-07,SOSP,14,DG,
Spring,S4,BNSH,R4_2,RES,15,2021-09-07,AMSP,2,DG,
Spring,S4,BNSH,R4_2,RES,15,2021-09-07,LACO,4,DG,
Spring,S4,BRIM,M4_3,MOW,25,2021-09-07,LIVU,6,DG,Original : LUVI
Spring,S4,BRIM,M4_3,MOW,25,2021-09-07,AMSP,3,DG,
Spring,S4,BRIM,M4_3,MOW,25,2021-09-07,LACO,1,DG,
Spring,S4,AMBJ,M4_1,MOW,13,2021-09-01,CHAL,1,DG,
Spring,S4,GRNB,R4_1,RES,13,2021-09-01,PONO,1,DG,
Spring,S4,GRNB,R4_1,RES,13,2021-09-01,MELU,2,DG,
Spring,S4,DAVE,R4_3,RES,3,2021-09-01,AMSP,2,DG,
Spring,S4,DAVE,R4_3,RES,3,2021-09-01,POAR,1,DG,
Spring,S4,DAVE,R4_3,RES,3,2021-09-01,CHAL,1,DG,
Spring,S4,BNSH,R4_2,RES,23,2021-09-01,VEST,2,DG,
Spring,S4,BNSH,R4_2,RES,23,2021-09-01,SOSP,7,DG,
Spring,S4,BNSH,R4_2,RES,23,2021-09-01,RUCR,7,DG,
Spring,S4,BNSH,R4_2,RES,23,2021-09-01,COCA,1,DG,"Originally labelled as ""ERCA"" (Erigeron canadensis) but changed to ""COCA"" (Conzya candensis); this is a taxonomic synonym but the codes should be consistent across the fall and spring dataset (GX)"
Spring,S4,GRNB,R4_1,RES,23,2021-09-01,POAR,1,DG,
Spring,S4,GRNB,R4_1,RES,23,2021-09-01,MELU,1,DG,
Spring,S4,AMBJ,M4_1,MOW,3,2021-09-01,PYTE,5,DG,
Spring,S4,AMBJ,M4_1,MOW,3,2021-09-01,OXST,1,DG,
Spring,S4,AMBJ,M4_1,MOW,3,2021-09-01,SOSP,2,DG,
Spring,S4,GRNB,R4_1,RES,1,2021-09-01,SOSP,8,DG,
Spring,S4,DVAG,M4_2,MOW,15,2021-09-01,CHAL,4,DG,
Spring,S4,DVAG,M4_2,MOW,15,2021-09-01,RUCR,1,DG,
Spring,S4,GRNB,R4_1,RES,11,2021-09-01,SOSP,2,DG,
Spring,S4,GRNB,R4_1,RES,23,2021-09-01,SOSP,1,DG,
Spring,S4,DVAG,M4_2,MOW,11,2021-09-01,RUHI,1,DG,
Spring,S4,DVAG,M4_2,MOW,11,2021-09-01,CHAL,1,DG,
Spring,S4,DVAG,M4_2,MOW,11,2021-09-01,AMSP,2,DG,
Spring,S4,DVAG,M4_2,MOW,11,2021-09-01,OXST,3,DG,
Spring,S4,AMBJ,M4_1,MOW,25,2021-09-01,PONO,4,DG,
Spring,S4,BRIM,M4_3,MOW,11,2021-09-01,MELU,1,DG,
Spring,S4,BRIM,M4_3,MOW,11,2021-09-01,DACA,1,DG,
Spring,S4,GRNB,R4_1,RES,25,2021-09-01,TRPR,1,DG,
Spring,S4,GRNB,R4_1,RES,25,2021-09-01,MELU,1,DG,
Spring,S4,BNSH,R4_2,RES,23,2021-09-01,MELU,1,DG,
Spring,S4,BNSH,R4_2,RES,23,2021-09-01,SOSP,2,DG,
Spring,S4,BNSH,R4_2,RES,13,2021-09-01,SOSP,3,DG,
Spring,S4,GRNB,R4_1,RES,13,2021-09-01,SOSP,4,DG,
Spring,S4,GRNB,R4_1,RES,5,2021-09-01,OXST,6,DG,
Spring,S4,GRNB,R4_1,RES,5,2021-09-01,SOSP,1,DG,
Spring,S4,BNSH,R4_2,RES,25,2021-09-01,SOSP,8,DG,
Spring,S4,BNSH,R4_2,RES,25,2021-09-01,COCA,2,DG,"Originally labelled as ""ERCA"" (Erigeron canadensis) but changed to ""COCA"" (Conzya candensis); this is a taxonomic synonym but the codes should be consistent across the fall and spring dataset (GX)"
Spring,S4,BNSH,R4_2,RES,25,2021-09-01,AMSP,1,DG,
Spring,S4,BNSH,R4_2,RES,25,2021-09-01,RUCR,1,DG,
Spring,S4,AMBJ,M4_1,MOW,13,2021-08-25,RUCR,1,DG,
Spring,S4,BNSH,R4_2,RES,25,2021-08-25,AMSP,3,DG,
Spring,S4,BNSH,R4_2,RES,25,2021-08-25,SOSP,6,DG,
Spring,S4,DAVE,R4_3,RES,21,2021-08-25,COCA,1,DG,
Spring,S4,DAVE,R4_3,RES,21,2021-08-25,MELU,1,DG,
Spring,S4,DAVE,R4_3,RES,21,2021-08-25,SOSP,7,DG,
Spring,S4,DVAG,M4_2,MOW,23,2021-08-25,POAR,2,DG,
Spring,S4,DVAG,M4_2,MOW,23,2021-08-25,OXST,1,DG,
Spring,S4,AMBJ,M4_1,MOW,15,2021-08-25,SOSP,2,DG,
Spring,S4,AMBJ,M4_1,MOW,15,2021-08-25,POAR,1,DG,
Spring,S4,AMBJ,M4_1,MOW,15,2021-08-25,MOFI,2,DG,
Spring,S4,AMBJ,M4_1,MOW,15,2021-08-25,MESA,1,DG,
Spring,S4,BRIM,M4_3,MOW,1,2021-08-25,SOSP,5,DG,
Spring,S4,BRIM,M4_3,MOW,1,2021-08-25,OEBI,2,DG,
Spring,S4,DVAG,M4_2,MOW,1,2021-08-25,SOSP,7,DG,
Spring,S4,DVAG,M4_2,MOW,1,2021-08-25,HEGI,2,DG,
Spring,S4,DVAG,M4_2,MOW,1,2021-08-25,RUCR,9,DG,
Spring,S4,AMBJ,M4_1,MOW,1,2021-08-25,SOSP,4,DG,
Spring,S4,AMBJ,M4_1,MOW,1,2021-08-25,AMSP,2,DG,
Spring,S4,DAVE,R4_3,RES,21,2021-08-25,RUCR,8,DG,
Spring,S4,DAVE,R4_3,RES,21,2021-08-25,SOSP,3,DG,
Spring,S4,DAVE,R4_3,RES,21,2021-08-25,RUHI,1,DG,
Spring,S2,VICP,T2_1,TIL,1,2021-08-25,MELU,1,DG,
Spring,S4,GRNB,R4_1,RES,13,2021-08-25,MELU,2,DG,
Spring,S4,GRNB,R4_1,RES,13,2021-08-25,SOSP,1,DG,
Spring,S4,BNSH,R4_2,RES,1,2021-08-23,SOSP,2,DG,
Spring,S4,BRIM,M4_3,MOW,5,2021-08-23,COCA,2,DG,"Originally labelled as ""ERCA"" (Erigeron canadensis) but changed to ""COCA"" (Conzya candensis); this is a taxonomic synonym but the codes should be consistent across the fall and spring dataset (GX)"
Spring,S4,BRIM,M4_3,MOW,25,2021-08-23,COCA,1,DG,"Originally labelled as ""ERCA"" (Erigeron canadensis) but changed to ""COCA"" (Conzya candensis); this is a taxonomic synonym but the codes should be consistent across the fall and spring dataset (GX)"
Spring,S4,BRIM,M4_3,MOW,25,2021-08-23,SOSP,1,DG,
Spring,S4,DAVE,R4_3,RES,23,2021-08-23,OXST,3,DG,
Spring,S4,DAVE,R4_3,RES,23,2021-08-23,SOSP,4,DG,
Spring,S4,DAVE,R4_3,RES,23,2021-08-23,MELU,1,DG,
Spring,S4,DVAG,M4_2,MOW,21,2021-08-23,LACO,9,DG,
Spring,S4,DVAG,M4_2,MOW,21,2021-08-23,SOSP,1,DG,
Spring,S4,AMBJ,M4_1,MOW,21,2021-08-23,COCA,1,DG,"Originally labelled as ""ERCA"" (Erigeron canadensis) but changed to ""COCA"" (Conzya candensis); this is a taxonomic synonym but the codes should be consistent across the fall and spring dataset (GX)"
Spring,S4,AMBJ,M4_1,MOW,21,2021-08-23,AMSP,1,DG,
Spring,S4,AMBJ,M4_1,MOW,21,2021-08-23,SOSP,4,DG,
Spring,S4,BRIM,M4_3,MOW,13,2021-08-23,SOSP,1,DG,
Spring,S4,BNSH,R4_2,RES,21,2021-08-23,SOSP,3,DG,
Spring,S4,BNSH,R4_2,RES,21,2021-08-23,CIAR,1,DG,"Originally labelled as ""CIXX"" but relabeled as ""CIAR"" (GX)"
Spring,S4,BNSH,R4_2,RES,21,2021-08-23,AMSP,1,DG,
Spring,S4,BNSH,R4_2,RES,11,2021-08-23,SOSP,8,DG,
Spring,S4,BNSH,R4_2,RES,11,2021-08-23,RUCR,12,DG,
Spring,S4,BNSH,R4_2,RES,15,2021-08-23,SOSP,69,DG,
Spring,S4,BNSH,R4_2,RES,15,2021-08-23,AMSP,5,DG,
Spring,S4,BNSH,R4_2,RES,15,2021-08-23,TRRE,1,DG,
Spring,S4,AMBJ,M4_1,MOW,5,2021-08-23,OEBI,1,DG,
Spring,S4,AMBJ,M4_1,MOW,5,2021-08-23,TRPR,1,DG,
Spring,S4,AMBJ,M4_1,MOW,5,2021-08-23,POAR,1,DG,
Spring,S4,AMBJ,M4_1,MOW,5,2021-08-23,SOSP,1,DG,
Spring,S2,VICP,T2_1,TIL,3,2021-08-23,MELU,1,DG,
Spring,S4,DAVE,R4_3,RES,13,2021-08-23,SOSP,12,DG,
Spring,S4,DAVE,R4_3,RES,13,2021-08-23,COCA,1,DG,
Spring,S4,DAVE,R4_3,RES,13,2021-08-23,COCA,1,DG,"Originally labelled as ""ERCA"" (Erigeron canadensis) but changed to ""COCA"" (Conzya candensis); this is a taxonomic synonym but the codes should be consistent across the fall and spring dataset (GX)"
Spring,S4,GRNB,R4_1,RES,11,2021-08-23,POAR,1,DG,
Spring,S4,BNSH,R4_2,RES,23,2021-08-23,COCA,6,DG,"Originally labelled as ""ERCA"" (Erigeron canadensis) but changed to ""COCA"" (Conzya candensis); this is a taxonomic synonym but the codes should be consistent across the fall and spring dataset (GX)"
Spring,S4,BNSH,R4_2,RES,23,2021-08-23,AMSP,3,DG,
Spring,S4,BNSH,R4_2,RES,23,2021-08-23,COCA,1,DG,
Spring,S4,BNSH,R4_2,RES,23,2021-08-23,SOSP,4,DG,
Spring,S4,BNSH,R4_2,RES,13,2021-08-30,VEST,1,DG,
Spring,S4,BNSH,R4_2,RES,13,2021-08-30,SOSP,4,DG,
Spring,S4,BNSH,R4_2,RES,13,2021-08-30,COCA,1,DG,"Originally labelled as ""ERCA"" (Erigeron canadensis) but changed to ""COCA"" (Conzya candensis); this is a taxonomic synonym but the codes should be consistent across the fall and spring dataset (GX)"
Spring,S4,BNSH,R4_2,RES,13,2021-08-30,PLMA,1,DG,
Spring,S4,GRNB,R4_1,RES,3,2021-08-30,SOSP,2,DG,
Spring,S4,DAVE,R4_3,RES,3,2021-08-30,OXST,4,DG,
Spring,S4,DAVE,R4_3,RES,3,2021-08-30,CHAL,2,DG,
Spring,S4,DVAG,M4_2,MOW,13,2021-08-30,CHAL,3,DG,
Spring,S4,DVAG,M4_2,MOW,13,2021-08-30,RUHI,1,DG,
Spring,S4,DVAG,M4_2,MOW,21,2021-08-30,LACO,1,DG,
Spring,S4,DVAG,M4_2,MOW,21,2021-08-30,SOSP,2,DG,
Spring,S4,BRIM,M4_3,MOW,3,2021-08-30,PONO,27,DG,
Spring,S4,BNSH,R4_2,RES,13,2021-08-30,PYTE,8,DG,
Spring,S4,DAVE,R4_3,RES,15,2021-08-30,PYTE,4,DG,
Spring,S4,DAVE,R4_3,RES,13,2021-08-30,PYTE,5,DG,
Spring,S4,DAVE,R4_3,RES,13,2021-08-30,OXST,1,DG,
Spring,S4,DAVE,R4_3,RES,5,2021-08-30,PYTE,1,DG,
Spring,S4,BNSH,R4_2,RES,23,2021-08-30,RUHI,1,DG,
Spring,S4,BNSH,R4_2,RES,23,2021-08-30,COCA,1,DG,
Spring,S4,BRIM,M4_3,MOW,11,2021-08-30,PONO,100,DG,
Spring,S4,BRIM,M4_3,MOW,11,2021-08-30,PONO,60,DG,
Spring,S4,DAVE,R4_3,RES,23,2021-08-30,PYTE,1,DG,
Spring,S2,VICP,T2_1,TIL,23,2021-09-10,TRRE,1,DG,
Spring,S4,DAVE,R4_3,RES,11,2021-09-10,OXST,1,DG,
Spring,S4,DAVE,R4_3,RES,11,2021-09-10,SOSP,1,DG,
Spring,S4,DAVE,R4_3,RES,11,2021-09-10,RUHI,1,DG,
Spring,S4,DVAG,M4_2,MOW,1,2021-09-10,RUCR,2,DG,
Spring,S4,DVAG,M4_2,MOW,1,2021-09-10,CHAL,1,DG,
Spring,S4,DVAG,M4_2,MOW,1,2021-09-10,MOFI,1,DG,
Spring,S4,DVAG,M4_2,MOW,1,2021-09-10,TRPR,1,DG,
Spring,S4,BNSH,R4_2,RES,11,2021-09-10,RUCR,3,DG,
Spring,S4,BNSH,R4_2,RES,11,2021-09-10,SOSP,4,DG,
Spring,S4,BNSH,R4_2,RES,11,2021-09-10,MELU,1,DG,
Spring,S4,DAVE,R4_3,RES,3,2021-09-10,SOSP,4,DG,
Spring,S4,BNSH,R4_2,RES,11,2021-09-10,MELU,1,DG,
Spring,S4,DAVE,R4_3,RES,3,2021-09-10,SOSP,4,DG,
Spring,S4,BNSH,R4_2,RES,21,2021-09-10,LACO,2,DG,
Spring,S4,BNSH,R4_2,RES,21,2021-09-10,MELU,2,DG,
Spring,S4,BNSH,R4_2,RES,21,2021-09-10,OXST,1,DG,
Spring,S4,BNSH,R4_2,RES,21,2021-09-10,RUCR,1,DG,
Spring,S4,BNSH,R4_2,RES,3,2021-09-10,MOFI,1,DG,
Spring,S4,BNSH,R4_2,RES,3,2021-09-10,PYTE,1,DG,
Spring,S4,BNSH,R4_2,RES,3,2021-09-10,AMSP,1,DG,
Spring,S4,DVAG,M4_2,MOW,13,2021-09-10,CHAL,4,DG,
Spring,S4,DVAG,M4_2,MOW,13,2021-09-10,OXST,2,DG,
Spring,S4,DVAG,M4_2,MOW,13,2021-09-10,RUHI,1,DG,
Spring,S4,DVAG,M4_2,MOW,11,2021-09-22,LACO,2,DG,
Spring,S4,DVAG,M4_2,MOW,11,2021-09-22,PYTE,1,DG,
Spring,S4,AMBJ,M4_1,MOW,11,2021-09-22,POOL,1,DG,
Spring,S4,AMBJ,M4_1,MOW,11,2021-09-22,AMSP,1,DG,
Spring,S4,AMBJ,M4_1,MOW,11,2021-09-22,PYTE,2,DG,
Spring,S4,AMBJ,M4_1,MOW,11,2021-09-22,SOSP,1,DG,
Spring,S4,DVAG,M4_2,MOW,25,2021-09-22,LIVU,1,DG,
Spring,S4,BNSH,R4_2,RES,13,2021-09-22,LIVU,11,DG,
Spring,S4,BNSH,R4_2,RES,13,2021-09-22,TRPR,1,DG,
Spring,S4,BNSH,R4_2,RES,1,2021-09-22,OXST,3,DG,
Spring,S4,BNSH,R4_2,RES,1,2021-09-22,SOSP,1,DG,
Spring,S2,KENN,T2_3,TIL,3,2021-09-22,COCA,1,DG,"Originally labelled as ""ERCA"" (Erigeron canadensis) but changed to ""COCA"" (Conzya candensis); this is a taxonomic synonym but the codes should be consistent across the fall and spring dataset (GX)"
Spring,S4,BRIM,M4_3,MOW,15,2021-09-22,LIVU,1,DG,
Spring,S4,BRIM,M4_3,MOW,15,2021-09-22,TRPR,1,DG,
Spring,S4,BRIM,M4_3,MOW,15,2021-09-22,TRRE,1,DG,
Spring,S4,BRIM,M4_3,MOW,25,2021-09-22,TRRE,1,DG,
Spring,S4,BRIM,M4_3,MOW,25,2021-09-22,DACA,1,DG,
Spring,S4,BRIM,M4_3,MOW,25,2021-09-22,OEBI,1,DG,
Spring,S4,BRIM,M4_3,MOW,25,2021-09-22,LACO,5,DG,
Spring,S4,DAVE,R4_3,RES,1,2021-09-22,OXST,4,DG,
Spring,S4,DAVE,R4_3,RES,1,2021-09-22,PYTE,1,DG,
Spring,S4,DVAG,M4_2,MOW,1,2021-09-22,CHAL,1,DG,
Spring,S4,BNSH,R4_2,RES,11,2021-09-22,COCA,1,DG,
Spring,S4,BRIM,M4_3,MOW,11,2021-09-22,PONO,32,DG,
Spring,S4,BRIM,M4_3,MOW,3,2021-09-22,MELU,1,DG,
Spring,S4,BRIM,M4_3,MOW,3,2021-09-22,COCA,1,DG,
Spring,S4,DVAG,M4_2,MOW,13,2021-09-22,SOSP,2,DG,
Spring,S4,BRIM,M4_3,MOW,23,2021-09-22,RUCR,1,DG,
Spring,S4,BRIM,M4_3,MOW,23,2021-09-22,RUHI,1,DG,
Spring,S4,BRIM,M4_3,MOW,23,2021-09-22,OEBI,1,DG,
Spring,S4,BRIM,M4_3,MOW,23,2021-09-22,TRRE,1,DG,
Spring,S4,BRIM,M4_3,MOW,13,2021-09-22,RUHI,2,DG,
Spring,S4,BRIM,M4_3,MOW,13,2021-09-22,RUCR,2,DG,
Spring,S4,BRIM,M4_3,MOW,13,2021-09-22,MELU,1,DG,
Spring,S4,BNSH,R4_2,RES,15,2021-09-22,OXST,2,DG,
Spring,S4,BNSH,R4_2,RES,15,2021-09-22,TRPR,3,DG,
Spring,S4,BRIM,M4_3,MOW,1,2021-09-22,CIAR,1,DG,"Originally labelled as ""CIXX"" but relabeled as ""CIAR"" (GX)"
Spring,S4,BRIM,M4_3,MOW,1,2021-09-22,RUHI,5,DG,
Spring,S4,BRIM,M4_3,MOW,1,2021-09-22,OEBI,2,DG,
Spring,S4,BRIM,M4_3,MOW,1,2021-09-22,AMSP,1,DG,
Spring,S4,BRIM,M4_3,MOW,1,2021-09-22,SOSP,2,DG,
Spring,S2,KENN,T2_3,TIL,1,2021-09-22,MELU,1,DG,
Spring,S4,DAVE,R4_3,RES,25,2021-09-22,RUHI,2,DG,
Spring,S4,DAVE,R4_3,RES,25,2021-09-22,SOSP,2,DG,
Spring,S4,BNSH,R4_2,RES,21,2021-09-22,RUCR,3,DG,
Spring,S4,BNSH,R4_2,RES,21,2021-09-22,SOSP,1,DG,
Spring,S4,DVAG,M4_2,MOW,23,2021-09-22,SOSP,1,DG,
Spring,S4,DVAG,M4_2,MOW,23,2021-09-22,PYTE,1,DG,
Spring,S4,DVAG,M4_2,MOW,23,2021-09-22,OXST,1,DG,
Spring,S4,DAVE,R4_3,RES,23,2021-09-22,CHAL,1,DG,
Spring,S4,DAVE,R4_3,RES,23,2021-09-22,OXST,3,DG,
Spring,S4,AMBJ,M4_1,MOW,21,2021-09-22,COCA,2,DG,
Spring,S4,AMBJ,M4_1,MOW,13,2021-09-22,OEBI,3,DG,
Spring,S4,AMBJ,M4_1,MOW,13,2021-09-22,RUCR,1,DG,
Spring,S4,AMBJ,M4_1,MOW,13,2021-09-22,LIVU,13,DG,
Spring,S4,BNSH,R4_2,RES,25,2021-09-22,OXST,3,DG,
Spring,S4,BNSH,R4_2,RES,25,2021-09-22,TRRE,1,DG,
Spring,S4,BNSH,R4_2,RES,5,2021-09-22,LIVU,20,DG,
Spring,S4,BNSH,R4_2,RES,5,2021-09-22,PYTE,3,DG,
Spring,S4,BNSH,R4_2,RES,5,2021-09-22,OXST,3,DG,
Spring,S4,DVAG,M4_2,MOW,5,2021-09-22,AMSP,1,DG,
Spring,S4,GRNB,R4_1,RES,1,2021-09-22,SOSP,7,DG,
Spring,S4,DVAG,M4_2,MOW,15,2021-09-22,CHAL,1,DG,
Spring,S4,DVAG,M4_2,MOW,15,2021-09-22,COCA,1,DG,"Originally labelled as ""ERCA"" (Erigeron canadensis) but changed to ""COCA"" (Conzya candensis); this is a taxonomic synonym but the codes should be consistent across the fall and spring dataset (GX)"
Spring,S4,DVAG,M4_2,MOW,15,2021-09-22,DACA,1,DG,
Spring,S4,BRIM,M4_3,MOW,5,2021-09-22,CHAL,1,DG,
Spring,S4,AMBJ,M4_1,MOW,23,2021-09-22,CHAL,5,DG,
Spring,S4,AMBJ,M4_1,MOW,23,2021-09-22,DACA,1,DG,
Spring,S4,DAVE,R4_3,RES,13,2021-09-22,PYTE,2,DG,
Spring,S4,DAVE,R4_3,RES,13,2021-09-22,SOSP,2,DG,
Spring,S4,BRIM,M4_3,MOW,21,2021-09-22,SOSP,5,DG,
Spring,S4,BRIM,M4_3,MOW,21,2021-09-22,AMSP,4,DG,
Spring,S4,DVAG,M4_2,MOW,21,2021-09-24,VEUR,1,DG,VERBENA URTICIFOLIA
Spring,S4,DVAG,M4_2,MOW,21,2021-09-24,BAVU,2,DG,BARBAREA VULGARIS
Spring,S4,DVAG,M4_2,MOW,21,2021-09-24,LACO,3,DG,
Spring,S4,BNSH,R4_2,RES,23,2021-09-24,MOFI,1,DG,
Spring,S4,BNSH,R4_2,RES,23,2021-09-24,AMSP,1,DG,
Spring,S4,BNSH,R4_2,RES,23,2021-09-24,RUCR,2,DG,
Spring,S4,BNSH,R4_2,RES,23,2021-09-24,CIAR,1,DG,"Originally labelled as ""CIXX"" but relabeled as ""CIAR"" (GX)"
Spring,S4,BNSH,R4_2,RES,23,2021-09-24,OXST,2,DG,
Spring,S4,BNSH,R4_2,RES,23,2021-09-24,PYTE,2,DG,
Spring,S4,BNSH,R4_2,RES,23,2021-09-24,RUHI,3,DG,
Spring,S4,DAVE,R4_3,RES,21,2021-09-24,MELU,1,DG,
Spring,S4,DAVE,R4_3,RES,21,2021-09-24,RUHI,1,DG,
Spring,S4,GRNB,R4_1,RES,15,2021-09-24,OXST,4,DG,
Spring,S4,BNSH,R4_2,RES,3,2021-09-24,SOSP,1,DG,
Spring,S4,BNSH,R4_2,RES,3,2021-09-24,HETU,1,DG,HELIANTHUS TUBEROSUS
Spring,S4,DAVE,R4_3,RES,3,2021-09-24,DACA,1,DG,
Spring,S4,DAVE,R4_3,RES,3,2021-09-24,AMSP,1,DG,
Spring,S4,DVAG,M4_2,MOW,3,2021-09-24,RUHI,3,DG,
Spring,S4,GRNB,R4_1,RES,3,2021-09-24,POAR,3,DG,
Spring,S4,GRNB,R4_1,RES,3,2021-09-24,SOSP,6,DG,
Spring,S4,BRIM,M4_3,MOW,3,2021-10-06,RUHI,5,DG,
Spring,S4,BRIM,M4_3,MOW,3,2021-10-06,PONO,9,DG,
Spring,S4,BNSH,R4_2,RES,3,2021-10-06,SOSP,2,DG,
Spring,S4,BNSH,R4_2,RES,3,2021-10-06,COCA,1,DG,
Spring,S4,DAVE,R4_3,RES,3,2021-10-06,SOSP,4,DG,
Spring,S4,DAVE,R4_3,RES,3,2021-10-06,RUHI,1,DG,
Spring,S4,DAVE,R4_3,RES,3,2021-10-06,OXST,2,DG,
Spring,S4,AMBJ,M4_1,MOW,13,2021-10-06,COCA,2,DG,
Spring,S4,AMBJ,M4_1,MOW,13,2021-10-06,SOSP,1,DG,
Spring,S4,AMBJ,M4_1,MOW,13,2021-10-06,LIVU,3,DG,LINARIA VULGARIS
Spring,S4,DVAG,M4_2,MOW,15,2021-10-06,COCA,1,DG,
Spring,S4,DVAG,M4_2,MOW,15,2021-10-06,SOSP,1,DG,
Spring,S4,BRIM,M4_3,MOW,5,2021-10-06,OEBI,1,DG,
Spring,S4,BNSH,R4_2,RES,15,2021-10-06,AMSP,4,DG,
Spring,S4,BNSH,R4_2,RES,15,2021-10-06,SOSP,2,DG,
Spring,S4,AMBJ,M4_1,MOW,25,2021-10-06,PONO,5,DG,
Spring,S4,DVAG,M4_2,MOW,11,2021-10-06,OXST,1,DG,
Spring,S4,BNSH,R4_2,RES,23,2021-10-06,VEUR,1,DG,
Spring,S4,BNSH,R4_2,RES,23,2021-10-06,SOSP,1,DG,
Spring,S4,BNSH,R4_2,RES,23,2021-10-06,OXST,2,DG,
Spring,S4,BNSH,R4_2,RES,23,2021-10-06,RUHI,3,DG,
Spring,S4,AMBJ,M4_1,MOW,11,2021-10-06,AMSP,1,DG,
Spring,S4,AMBJ,M4_1,MOW,15,2021-10-06,CHAL,1,DG,
Spring,S4,AMBJ,M4_1,MOW,15,2021-10-06,DACA,1,DG,
Spring,S4,GRNB,R4_1,RES,15,2021-10-06,LACO,1,DG,
Spring,S4,BRIM,M4_3,MOW,13,2021-10-06,MELU,1,DG,
Spring,S4,BRIM,M4_3,MOW,13,2021-10-06,RUHI,2,DG,
Spring,S2,TIMH,T2_2,TIL,21,2021-10-06,OXST,1,DG,
Spring,S4,DVAG,M4_2,MOW,25,2021-10-06,OXST,1,DG,
Spring,S4,DAVE,R4_3,RES,15,2021-10-06,RUHI,1,DG,
Spring,S4,DAVE,R4_3,RES,15,2021-10-06,SOSP,1,DG,
Spring,S4,DAVE,R4_3,RES,15,2021-10-06,PYTE,1,DG,
Spring,S4,GRNB,R4_1,RES,11,2021-10-06,OXST,1,DG,
Spring,S4,GRNB,R4_1,RES,11,2021-10-06,SOSP,2,DG,
Spring,S4,BNSH,R4_2,RES,5,2021-10-06,OXST,12,DG,
Spring,S4,BNSH,R4_2,RES,5,2021-10-06,LIVU,14,DG,
Spring,S4,BNSH,R4_2,RES,5,2021-10-06,PYTE,2,DG,
Spring,S4,BNSH,R4_2,RES,11,2021-10-06,SOSP,4,DG,
Spring,S4,BNSH,R4_2,RES,11,2021-10-06,RUCR,1,DG,
Spring,S4,BNSH,R4_2,RES,11,2021-10-06,OXST,3,DG,
Spring,S4,BNSH,R4_2,RES,11,2021-10-06,RUHI,1,DG,
Spring,S4,GRNB,R4_1,RES,5,2021-10-06,SOSP,2,DG,
Spring,S4,GRNB,R4_1,RES,5,2021-10-06,OXST,1,DG,
Spring,S2,VICP,T2_1,TIL,11,2021-10-06,MELU,1,DG,
Spring,S4,GRNB,R4_1,RES,3,2021-10-06,SOSP,1,DG,
Spring,S4,AMBJ,M4_1,MOW,5,2021-10-06,OXST,2,DG,
Spring,S4,BRIM,M4_3,MOW,23,2021-10-06,TRPR,2,DG,
Spring,S4,BNSH,R4_2,RES,23,2021-10-06,DACA,1,DG,
Spring,S4,BNSH,R4_2,RES,23,2021-10-06,RUHI,2,DG,
Spring,S4,BNSH,R4_2,RES,25,2021-10-06,LIVU,2,DG,
Spring,S4,BNSH,R4_2,RES,25,2021-10-06,SOSP,2,DG,
Spring,S4,BNSH,R4_2,RES,25,2021-10-06,RUHI,1,DG,
Spring,S4,BNSH,R4_2,RES,25,2021-10-06,LACO,1,DG,
Spring,S4,DAVE,R4_3,RES,21,2021-10-06,SIAR,1,DG,sINAPIS ARVENSIS
Spring,S4,DAVE,R4_3,RES,1,2021-10-19,RUHI,1,DG,
Spring,S4,DAVE,R4_3,RES,1,2021-10-19,OXST,3,DG,
Spring,S4,BNSH,R4_2,RES,5,2021-10-19,OXST,4,DG,
Spring,S4,BNSH,R4_2,RES,5,2021-10-19,TRPR,1,DG,
Spring,S4,BNSH,R4_2,RES,5,2021-10-19,TAOF,1,DG,TARAXICUM OFFICINALE
Spring,S4,BNSH,R4_2,RES,5,2021-10-19,LIVU,4,DG,
Spring,S4,BNSH,R4_2,RES,21,2021-10-19,CIIN,1,DG,CICHORIUM INTYBUS
Spring,S4,BRIM,M4_3,MOW,3,2021-10-19,RUCR,2,DG,
Spring,S4,BRIM,M4_3,MOW,3,2021-10-19,RUHI,5,DG,
Spring,S4,AMBJ,M4_1,MOW,23,2021-10-19,AMSP,2,DG,
Spring,S4,AMBJ,M4_1,MOW,23,2021-10-19,CHAL,2,DG,
Spring,S4,AMBJ,M4_1,MOW,23,2021-10-19,CIIN,1,DG,
Spring,S4,AMBJ,M4_1,MOW,23,2021-10-19,COCA,1,DG,
Spring,S4,GRNB,R4_1,RES,23,2021-10-19,PONO,2,DG,
Spring,S4,GRNB,R4_1,RES,23,2021-10-19,SOSP,8,DG,
Spring,S4,AMBJ,M4_1,MOW,3,2021-10-19,OXST,6,DG,
Spring,S2,TIMH,T2_2,TIL,3,2021-10-19,XXXI,1,DG,REMOVED FOR IDENTIFICATION - DG
Spring,S4,BRIM,M4_3,MOW,25,2021-10-19,OXST,1,DG,
Spring,S4,BNSH,R4_2,RES,1,2021-10-19,OXST,3,DG,
Spring,S4,DAVE,R4_3,RES,21,2021-10-19,SOSP,2,DG,
Spring,S4,DAVE,R4_3,RES,21,2021-10-19,LIVU,2,DG,
Spring,S4,DAVE,R4_3,RES,11,2021-10-19,OCRI,3,DG,OLIGONEURON RIGIDIUM
Spring,S4,DAVE,R4_3,RES,11,2021-10-19,RUHI,4,DG,
Spring,S4,BRIM,M4_3,MOW,11,2021-10-19,TAOF,1,DG,
Spring,S4,BRIM,M4_3,MOW,11,2021-10-19,RUHI,4,DG,
Spring,S4,BRIM,M4_3,MOW,11,2021-10-19,PONO,7,DG,
Spring,S4,GRNB,R4_1,RES,1,2021-10-19,SOSP,3,DG,
Spring,S4,GRNB,R4_1,RES,13,2021-10-21,RHTY,1,DG,RHUS TYPHINA
Spring,S4,DAVE,R4_3,RES,23,2021-10-21,SOSP,7,DG,
Spring,S4,DAVE,R4_3,RES,23,2021-10-21,MELU,1,DG,
Spring,S4,DAVE,R4_3,RES,23,2021-10-21,OXST,2,DG,
Spring,S4,BNSH,R4_2,RES,11,2021-10-21,RUCR,2,DG,
Spring,S4,BNSH,R4_2,RES,11,2021-10-21,OXST,2,DG,
Spring,S4,BNSH,R4_2,RES,11,2021-10-21,SOSP,2,DG,
Spring,S4,BNSH,R4_2,RES,11,2021-10-21,RUHI,1,DG,
Spring,S4,AMBJ,M4_1,MOW,13,2021-10-21,HYPE,3,DG,HYPERICUM PERFORATUM
Spring,S4,AMBJ,M4_1,MOW,13,2021-10-21,DACA,1,DG,
Spring,S4,BRIM,M4_3,MOW,21,2021-10-21,OEBI,1,DG,
Spring,S4,BRIM,M4_3,MOW,21,2021-10-21,RUCR,1,DG,
Spring,S4,BRIM,M4_3,MOW,21,2021-10-21,AMSP,2,DG,
Spring,S4,BRIM,M4_3,MOW,21,2021-10-21,RUHI,6,DG,
Spring,S4,BRIM,M4_3,MOW,21,2021-10-21,SOSP,7,DG,
Spring,S4,BRIM,M4_3,MOW,21,2021-10-21,CIAR,1,DG,"Originally labelled as ""CIXX"" but relabeled as ""CIAR"" (GX)"
Spring,S4,BRIM,M4_3,MOW,21,2021-10-21,TAOF,4,DG,
Spring,S4,BRIM,M4_3,MOW,21,2021-10-21,TRPR,1,DG,
Spring,S4,BRIM,M4_3,MOW,21,2021-10-21,VEUR,2,DG,VERBENUM URTICIFOLIA
Spring,S4,BRIM,M4_3,MOW,1,2021-10-21,VEUR,1,DG,
Spring,S4,BRIM,M4_3,MOW,1,2021-10-21,OEBI,1,DG,
Spring,S4,BRIM,M4_3,MOW,1,2021-10-21,RUHI,11,DG,
Spring,S4,BRIM,M4_3,MOW,1,2021-10-21,TAOF,1,DG,
Spring,S4,BRIM,M4_3,MOW,1,2021-10-21,LACO,1,DG,
Spring,S4,BRIM,M4_3,MOW,1,2021-10-21,COCA,1,DG,
Spring,S4,BNSH,R4_2,RES,13,2021-10-21,LIVU,3,DG,
Spring,S4,BNSH,R4_2,RES,13,2021-10-21,OXST,4,DG,
Spring,S4,BNSH,R4_2,RES,13,2021-10-21,MELU,1,DG,
Spring,S4,BNSH,R4_2,RES,13,2021-10-21,RUHI,3,DG,
Spring,S4,BNSH,R4_2,RES,13,2021-10-21,PYMU,1,DG,PYCNANTHEMUM MUTICUM
Spring,S4,AMBJ,M4_1,MOW,1,2021-10-21,OXST,1,DG,
Spring,S4,BRIM,M4_3,MOW,15,2021-10-21,DACA,2,DG,
Spring,S4,BRIM,M4_3,MOW,15,2021-10-21,RUHI,1,DG,
Spring,S4,BRIM,M4_3,MOW,23,2021-10-21,RUHI,2,DG,
Spring,S4,DAVE,R4_3,RES,13,2021-10-21,PYMU,1,DG,
Spring,S4,DAVE,R4_3,RES,13,2021-10-21,RUHI,3,DG,
Spring,S4,GRNB,R4_1,RES,5,2021-10-21,OXST,2,DG,
Spring,S4,GRNB,R4_1,RES,21,2021-10-21,SOSP,3,DG,
Spring,S4,DVAG,M4_2,MOW,23,2021-10-21,MOFI,1,DG,
Spring,S4,DVAG,M4_2,MOW,23,2021-10-21,OEBI,1,DG,
Spring,S4,DVAG,M4_2,MOW,23,2021-10-21,OXST,1,DG,
Spring,S4,DVAG,M4_2,MOW,23,2021-10-21,RUHI,2,DG,
Spring,S4,DAVE,R4_3,RES,5,2021-10-21,RUHI,6,DG,
Spring,S4,BNSH,R4_2,RES,25,2021-10-21,COCA,1,DG,
Spring,S4,BNSH,R4_2,RES,25,2021-10-21,RUHI,2,DG,
Spring,S4,BNSH,R4_2,RES,25,2021-10-21,OXST,7,DG,
Spring,S4,BNSH,R4_2,RES,25,2021-10-21,MELU,1,DG,
Spring,S2,KENN,T2_3,TIL,3,2021-10-21,OXST,1,DG,
Spring,S4,DVAG,M4_2,MOW,21,2021-10-21,SOSP,2,DG,
Spring,S4,DVAG,M4_2,MOW,21,2021-10-21,LACO,1,DG,
Spring,S4,DVAG,M4_2,MOW,21,2021-10-21,MOFI,2,DG,
Spring,S4,DVAG,M4_2,MOW,13,2021-10-21,PYTE,1,DG,
Spring,S4,DVAG,M4_2,MOW,13,2021-10-21,RUHI,1,DG,
Spring,S4,AMBJ,M4_1,MOW,5,2021-10-21,SOSP,2,DG,
Spring,S4,AMBJ,M4_1,MOW,5,2021-10-21,RUHI,2,DG,
Spring,S4,BNSH,R4_2,RES,23,2021-10-21,LACO,2,DG,
Spring,S4,BNSH,R4_2,RES,23,2021-10-21,TAOF,1,DG,