Season,Section,Site_name,Site_code,Treatment,Plot,Date_ymd,Spp_code,Abund,Sampled_by,Typed_by,Comments
Fall,S4,AMBJ,M4_1,MOW,13,2022-01-07,ABTH,6,GX,GX,velvetleaf
Fall,S4,AMBJ,M4_1,MOW,13,2022-02-07,ABTH,1,DG,DG,ABUTILON THEOPHRASTI
Fall,S4,DAVE,R4_3,RES,13,2022-01-07,ABTH,3,GX,GX,
Fall,S4,BNSH,R4_2,RES,5,2022-01-04,ACRH,1,GX,GX,rhomboid mercury (GX)
Fall,S4,DAVE,R4_3,RES,11,2022-01-04,AMAR,1,GX,GX,common ragweed (GX)
Fall,S4,DVAG,M4_2,MOW,3,2021-12-31,AMAR,1,GX,GX,common ragweed
Fall,S4,DVAG,M4_2,MOW,13,2022-01-07,AMAR,1,GX,GX,
Fall,S2,TIMH,T2_2,TIL,3,2022-03-17,AMBL,1,DG,GX,
Fall,S4,AMBJ,M4_1,MOW,1,2022-03-02,AMRE,1,DG,DG,Amaranthus retroflexus
Fall,S4,AMBJ,M4_1,MOW,15,2021-12-31,AMSP,4,GX,GX,"Originally labelled as ""VETH"" but changed to ""AMSP"" so the codes are consistent to the spring seed bank dataset (GX)"
Fall,S4,AMBJ,M4_1,MOW,5,2022-01-04,AMSP,1,GX,GX,"Originally labeled as ""VETH"" (GX)"
Fall,S4,AMBJ,M4_1,MOW,1,2022-01-04,AMSP,5,GX,GX,"Originally labeled as ""VETH"" (GX)"
Fall,S4,AMBJ,M4_1,MOW,25,2022-01-04,AMSP,10,GX,GX,"Originally labeled as ""VETH"" (GX)"
Fall,S4,AMBJ,M4_1,MOW,21,2022-01-04,AMSP,2,GX,GX,"Originally labeled as ""VETH"" (GX)"
Fall,S4,AMBJ,M4_1,MOW,23,2022-01-04,AMSP,6,GX,GX,"Originally labeled as ""VETH"" (GX)"
Fall,S4,AMBJ,M4_1,MOW,23,2022-01-10,AMSP,9,GX,GX,
Fall,S4,AMBJ,M4_1,MOW,23,2021-12-21,AMSP,24,DG,DG,Originally laveled as VETH
Fall,S4,BNSH,R4_2,RES,15,2021-12-13,AMSP,71,DG,DG,"VERBASCUM THAPSUS (DG), Originally labelled as ""VETH"" but changed to ""AMSP"" so the codes are consistent to the spring seed bank dataset (GX)"
Fall,S4,BNSH,R4_2,RES,25,2021-12-13,AMSP,50,DG,DG,"Originally labelled as ""VETH"" but changed to ""AMSP"" so the codes are consistent to the spring seed bank dataset (GX)"
Fall,S4,BNSH,R4_2,RES,23,2021-12-13,AMSP,13,DG,DG,"Originally labelled as ""VETH"" but changed to ""AMSP"" so the codes are consistent to the spring seed bank dataset (GX)"
Fall,S4,BNSH,R4_2,RES,25,2021-12-31,AMSP,4,GX,GX,"Originally labelled as ""VETH"" but changed to ""AMSP"" so the codes are consistent to the spring seed bank dataset (GX)"
Fall,S4,BNSH,R4_2,RES,11,2021-12-31,AMSP,8,GX,GX,"Originally labelled as ""VETH"" but changed to ""AMSP"" so the codes are consistent to the spring seed bank dataset (GX)"
Fall,S4,BNSH,R4_2,RES,23,2021-12-31,AMSP,5,GX,GX,"Originally labelled as ""VETH"" but changed to ""AMSP"" so the codes are consistent to the spring seed bank dataset (GX)"
Fall,S4,BNSH,R4_2,RES,13,2021-12-31,AMSP,2,GX,GX,"Originally labelled as ""VETH"" but changed to ""AMSP"" so the codes are consistent to the spring seed bank dataset (GX)"
Fall,S4,BNSH,R4_2,RES,15,2021-12-31,AMSP,25,GX,GX,"Originally labelled as ""VETH"" but changed to ""AMSP"" so the codes are consistent to the spring seed bank dataset (GX)"
Fall,S4,BNSH,R4_2,RES,3,2021-12-31,AMSP,14,GX,GX,"Originally labelled as ""VETH"" but changed to ""AMSP"" so the codes are consistent to the spring seed bank dataset (GX)"
Fall,S4,BNSH,R4_2,RES,21,2022-01-04,AMSP,4,GX,GX,"Originally labeled as ""VETH"" (GX)"
Fall,S4,BNSH,R4_2,RES,1,2022-01-07,AMSP,1,GX,GX,
Fall,S4,BNSH,R4_2,RES,15,2022-01-07,AMSP,7,GX,GX,
Fall,S4,BNSH,R4_2,RES,25,2022-01-10,AMSP,1,GX,GX,
Fall,S4,BNSH,R4_2,RES,15,2022-01-10,AMSP,4,GX,GX,
Fall,S4,BNSH,R4_2,RES,25,2022-02-07,AMSP,1,DG,DG,"Originally labelled as ""VETH"" but changed to ""AMSP"" so the codes are consistent to the spring seed bank dataset (GX)"
Fall,S4,BNSH,R4_2,RES,3,2022-02-09,AMSP,4,DG,GX,"Originally labelled as ""VETH"" but relabeled as ""AMSP"" (GX)"
Fall,S4,BNSH,R4_2,RES,15,2022-02-09,AMSP,8,GX,GX,
Fall,S4,BNSH,R4_2,RES,3,2022-03-02,AMSP,3,DG,DG,"Originally labelled as ""VETH"" but relabeled as ""AMSP"" (GX)"
Fall,S4,BNSH,R4_2,RES,23,2022-03-17,AMSP,3,GX,,
Fall,S4,BNSH,R4_2,RES,3,2022-03-17,AMSP,1,GX,,
Fall,S4,BNSH,R4_2,RES,21,2022-03-17,AMSP,11,DG,GX,"Originally labeled as ""VETH"" but relabelled as ""AMSP"" (GX)"
Fall,S4,BRIM,M4_3,MOW,13,2021-12-31,AMSP,1,GX,GX,"Originally labelled as ""VETH"" but changed to ""AMSP"" so the codes are consistent to the spring seed bank dataset (GX)"
Fall,S4,BRIM,M4_3,MOW,21,2021-12-31,AMSP,19,GX,GX,"Originally labelled as ""VETH"" but changed to ""AMSP"" so the codes are consistent to the spring seed bank dataset (GX)"
Fall,S4,BRIM,M4_3,MOW,11,2022-01-04,AMSP,1,GX,GX,"Originally labeled as ""VETH"" (GX)"
Fall,S4,BRIM,M4_3,MOW,21,2022-01-07,AMSP,2,GX,GX,
Fall,S4,BRIM,M4_3,MOW,13,2022-01-07,AMSP,1,GX,GX,
Fall,S4,BRIM,M4_3,MOW,25,2022-01-07,AMSP,2,GX,GX,
Fall,S4,BRIM,M4_3,MOW,15,2022-01-07,AMSP,3,GX,GX,
Fall,S4,BRIM,M4_3,MOW,25,2021-12-21,AMSP,21,DG,DG,Originally labeled as VETH 
Fall,S4,DAVE,R4_3,RES,3,2021-12-17,AMSP,8,DG,GX,"Originally labelled as ""VETH"" but changed to ""AMSP"" so the codes are consistent to the spring seed bank dataset (GX)"
Fall,S4,DAVE,R4_3,RES,25,2021-12-31,AMSP,31,GX,GX,"Originally labelled as ""VETH"" but changed to ""AMSP"" so the codes are consistent to the spring seed bank dataset (GX)"
Fall,S4,DAVE,R4_3,RES,5,2021-12-31,AMSP,3,GX,GX,"Originally labelled as ""VETH"" but changed to ""AMSP"" so the codes are consistent to the spring seed bank dataset (GX)"
Fall,S4,DAVE,R4_3,RES,3,2021-12-31,AMSP,4,GX,GX,"Originally labelled as ""VETH"" but changed to ""AMSP"" so the codes are consistent to the spring seed bank dataset (GX)"
Fall,S4,DAVE,R4_3,RES,23,2021-12-31,AMSP,1,GX,GX,"Originally labelled as ""VETH"" but changed to ""AMSP"" so the codes are consistent to the spring seed bank dataset (GX)"
Fall,S4,DAVE,R4_3,RES,25,2022-01-04,AMSP,1,GX,GX,"Originally labeled as ""VETH"" (GX)"
Fall,S4,DAVE,R4_3,RES,11,2022-01-04,AMSP,7,GX,GX,"Originally labeled as ""VETH"" (GX)"
Fall,S4,DAVE,R4_3,RES,13,2022-01-07,AMSP,6,GX,GX,
Fall,S4,DAVE,R4_3,RES,21,2022-02-09,AMSP,1,DG,GX,"Originally labelled as ""VETH"" but relabeled as ""AMSP"" (GX)"
Fall,S4,DVAG,M4_2,MOW,11,2022-01-07,AMSP,10,GX,GX,
Fall,S4,DVAG,M4_2,MOW,5,2022-01-07,AMSP,2,GX,GX,
Fall,S4,DVAG,M4_2,MOW,11,2021-12-21,AMSP,31,DG,DG,Originally labeled as VETH
Fall,S4,DVAG,M4_2,MOW,11,2022-01-12,AMSP,1,DG,DG,Previously labeled as VETH 
Fall,S4,AMBJ,M4_1,MOW,23,2022-02-04,ANGE,1,GX,GX,
Fall,S4,AMBJ,M4_1,MOW,3,2022-02-04,ANGE,5,GX,GX,
Fall,S4,AMBJ,M4_1,MOW,5,2022-02-04,ANGE,3,GX,GX,
Fall,S4,DAVE,R4_3,RES,1,2022-02-04,ANGE,1,GX,GX,
Fall,S4,DAVE,R4_3,RES,13,2022-02-04,ANGE,1,GX,GX,
Fall,S4,DAVE,R4_3,RES,21,2022-02-04,ANGE,2,GX,GX,
Fall,S4,DAVE,R4_3,RES,5,2022-02-04,ANGE,3,GX,GX,
Fall,S4,DAVE,R4_3,RES,3,2022-02-04,ANGE,4,GX,GX,
Fall,S4,DAVE,R4_3,RES,11,2022-02-04,ANGE,1,GX,GX,
Fall,S4,DAVE,R4_3,RES,3,2022-03-17,ANGE,1,GX,,
Fall,S4,DVAG,M4_2,MOW,25,2022-02-09,ANGE,1,GX,GX,
Fall,S4,GRNB,R4_1,RES,15,2022-02-04,ANGE,1,GX,GX,
Fall,S4,DVAG,M4_2,MOW,21,2022-03-17,BAVU,1,DG,GX,
Fall,S4,DAVE,R4_3,RES,5,2022-03-17,BRRA,1,DG,GX,Brassica rapa (DG)
Fall,S4,DVAG,M4_2,MOW,15,2022-02-23,CABP,1,DG,DG,Capsella bursa-pastoris
Fall,S2,TIMH,T2_2,TIL,3,2022-02-28,CABP,1,DG,DG,
Fall,S2,TIMH,T2_2,TIL,11,2022-03-17,CABP,1,DG,GX,
Fall,S4,GRNB,R4_1,RES,15,2022-03-17,CAPE,1,GX,,
Fall,S4,DVAG,M4_2,MOW,15,2022-03-17,CAPR,1,DG,GX,C. pratensis (DG)
Fall,S4,AMBJ,M4_1,MOW,23,2022-03-17,CEFO,1,DG,GX,
Fall,S4,BNSH,R4_2,RES,25,2021-12-23,CEFO,2,GX,GX,
Fall,S4,BRIM,M4_3,MOW,3,2021-12-20,CEFO,2,GX,GX,
Fall,S4,BRIM,M4_3,MOW,13,2021-12-31,CEFO,3,GX,GX,
Fall,S4,BRIM,M4_3,MOW,23,2021-12-31,CEFO,2,GX,GX,
Fall,S4,BRIM,M4_3,MOW,21,2022-01-07,CEFO,2,GX,GX,
Fall,S4,DVAG,M4_2,MOW,15,2021-12-23,CEFO,1,GX,GX,
Fall,S4,DVAG,M4_2,MOW,3,2021-12-31,CEFO,2,GX,GX,
Fall,S4,DVAG,M4_2,MOW,5,2022-01-07,CEFO,1,GX,GX,
Fall,S4,GRNB,R4_1,RES,13,2021-12-20,CEFO,2,GX,GX,
Fall,S4,GRNB,R4_1,RES,15,2021-12-20,CEFO,2,GX,GX,
Fall,S2,KENN,T2_3,TIL,13,2021-12-23,CEFO,6,GX,GX,
Fall,S2,KENN,T2_3,TIL,1,2021-12-27,CEFO,1,GX,GX,
Fall,S2,TIMH,T2_2,TIL,1,2021-12-20,CEFO,3,GX,GX,
Fall,S2,TIMH,T2_2,TIL,5,2021-12-20,CEFO,3,GX,GX,
Fall,S2,TIMH,T2_2,TIL,11,2021-12-23,CEFO,1,GX,GX,
Fall,S2,TIMH,T2_2,TIL,13,2022-01-07,CEFO,1,GX,GX,
Fall,S2,TIMH,T2_2,TIL,15,2021-12-20,CEFO,7,GX,GX,"Originally labelled as ""S4 + RES"" but changed to ""S2 + TIL"" (GX)"
Fall,S2,TIMH,T2_2,TIL,15,2021-12-23,CEFO,17,GX,GX,
Fall,S2,TIMH,T2_2,TIL,21,2021-12-23,CEFO,3,GX,GX,
Fall,S2,TIMH,T2_2,TIL,21,2021-12-27,CEFO,2,GX,GX,
Fall,S2,TIMH,T2_2,TIL,23,2021-12-20,CEFO,2,GX,GX,"Originally labelled as ""S4 + RES"" but changed to ""S2 + TIL"" (GX)"
Fall,S2,TIMH,T2_2,TIL,25,2021-12-23,CEFO,1,GX,GX,
Fall,S2,TIMH,T2_2,TIL,5,2022-02-07,CEFO,2,DG,DG,
Fall,S2,TIMH,T2_2,TIL,15,2022-02-09,CEFO,1,DG,GX,
Fall,S2,TIMH,T2_2,TIL,13,2022-02-23,CEFO,1,GX,GX,
Fall,S2,TIMH,T2_2,TIL,23,2022-03-17,CEFO,2,DG,GX,
Fall,S2,TIMH,T2_2,TIL,15,2022-03-17,CEFO,1,DG,GX,
Fall,S2,VICP,T2_1,TIL,15,2021-12-23,CEFO,6,GX,GX,
Fall,S2,VICP,T2_1,TIL,25,2021-12-23,CEFO,13,GX,GX,
Fall,S2,VICP,T2_1,TIL,3,2021-12-23,CEFO,1,GX,GX,
Fall,S2,VICP,T2_1,TIL,11,2021-12-23,CEFO,4,GX,GX,
Fall,S2,VICP,T2_1,TIL,13,2021-12-27,CEFO,2,GX,GX,
Fall,S2,VICP,T2_1,TIL,5,2022-01-04,CEFO,2,GX,GX,
Fall,S2,VICP,T2_1,TIL,23,2022-01-10,CEFO,1,GX,GX,
Fall,S2,VICP,T2_1,TIL,5,2021-12-21,CEFO,20,DG,DG,CERASTIUM FONTANUM
Fall,S2,VICP,T2_1,TIL,25,2022-02-04,CEFO,1,DG,GX,
Fall,S2,VICP,T2_1,TIL,5,2022-02-28,CEFO,2,DG,DG,
Fall,S2,VICP,T2_1,TIL,21,2022-02-28,CEFO,1,DG,DG,
Fall,S2,VICP,T2_1,TIL,13,2022-02-28,CEFO,1,DG,DG,
Fall,S2,VICP,T2_1,TIL,5,2022-03-17,CEFO,1,DG,GX,
Fall,S4,AMBJ,M4_1,MOW,11,2021-12-13,CHAL,6,GX,GX,
Fall,S4,AMBJ,M4_1,MOW,15,2021-12-13,CHAL,7,GX,GX,
Fall,S4,AMBJ,M4_1,MOW,23,2021-12-13,CHAL,2,GX,GX,
Fall,S4,AMBJ,M4_1,MOW,21,2021-12-13,CHAL,23,GX,GX,
Fall,S4,AMBJ,M4_1,MOW,5,2021-12-20,CHAL,8,GX,GX,
Fall,S4,AMBJ,M4_1,MOW,25,2021-12-20,CHAL,2,GX,GX,
Fall,S4,AMBJ,M4_1,MOW,1,2021-12-20,CHAL,1,GX,GX,
Fall,S4,AMBJ,M4_1,MOW,15,2021-12-23,CHAL,1,GX,GX,
Fall,S4,AMBJ,M4_1,MOW,3,2021-12-23,CHAL,1,GX,GX,
Fall,S4,AMBJ,M4_1,MOW,21,2021-12-23,CHAL,3,GX,GX,
Fall,S4,AMBJ,M4_1,MOW,11,2021-12-31,CHAL,1,GX,GX,
Fall,S4,AMBJ,M4_1,MOW,25,2022-01-04,CHAL,1,GX,GX,
Fall,S4,AMBJ,M4_1,MOW,21,2022-01-04,CHAL,1,GX,GX,
Fall,S4,AMBJ,M4_1,MOW,11,2022-01-10,CHAL,2,GX,GX,
Fall,S4,AMBJ,M4_1,MOW,11,2022-02-07,CHAL,1,DG,DG,
Fall,S4,AMBJ,M4_1,MOW,25,2022-01-24,CHAL,2,DG,DG,
Fall,S4,AMBJ,M4_1,MOW,25,2022-03-17,CHAL,1,MT,GX,
Fall,S4,BNSH,R4_2,RES,15,2021-12-13,CHAL,1,GX,GX,
Fall,S4,BNSH,R4_2,RES,3,2021-12-13,CHAL,1,GX,GX,
Fall,S4,BNSH,R4_2,RES,1,2021-12-13,CHAL,3,GX,GX,
Fall,S4,BNSH,R4_2,RES,23,2021-12-13,CHAL,7,DG,DG,
Fall,S4,BNSH,R4_2,RES,23,2021-12-17,CHAL,4,DG,GX,
Fall,S4,BNSH,R4_2,RES,11,2021-12-23,CHAL,2,GX,GX,
Fall,S4,BNSH,R4_2,RES,23,2021-12-23,CHAL,2,GX,GX,
Fall,S4,BNSH,R4_2,RES,21,2022-03-17,CHAL,2,DG,GX,
Fall,S4,BRIM,M4_3,MOW,15,2022-01-24,CHAL,1,DG,DG,
Fall,S4,DAVE,R4_3,RES,3,2021-12-13,CHAL,20,GX,GX,
Fall,S4,DAVE,R4_3,RES,13,2021-12-13,CHAL,3,GX,GX,
Fall,S4,DAVE,R4_3,RES,23,2021-12-13,CHAL,2,GX,GX,
Fall,S4,DAVE,R4_3,RES,3,2021-12-20,CHAL,2,GX,GX,
Fall,S4,DAVE,R4_3,RES,25,2021-12-20,CHAL,1,GX,GX,
Fall,S4,DAVE,R4_3,RES,11,2021-12-20,CHAL,8,GX,GX,
Fall,S4,DAVE,R4_3,RES,15,2021-12-20,CHAL,2,GX,GX,
Fall,S4,DAVE,R4_3,RES,11,2021-12-23,CHAL,6,GX,GX,
Fall,S4,DAVE,R4_3,RES,23,2021-12-23,CHAL,1,GX,GX,
Fall,S4,DAVE,R4_3,RES,1,2021-12-27,CHAL,1,GX,GX,
Fall,S4,DAVE,R4_3,RES,3,2021-12-31,CHAL,1,GX,GX,
Fall,S4,DAVE,R4_3,RES,11,2022-01-04,CHAL,2,GX,GX,
Fall,S4,DAVE,R4_3,RES,23,2022-02-07,CHAL,1,DG,DG,
Fall,S4,DAVE,R4_3,RES,11,2022-03-17,CHAL,1,MT,GX,
Fall,S4,DVAG,M4_2,MOW,3,2021-12-13,CHAL,22,GX,GX,
Fall,S4,DVAG,M4_2,MOW,13,2021-12-13,CHAL,42,GX,GX,
Fall,S4,DVAG,M4_2,MOW,3,2021-12-20,CHAL,3,GX,GX,
Fall,S4,DVAG,M4_2,MOW,5,2021-12-23,CHAL,1,GX,GX,
Fall,S4,DVAG,M4_2,MOW,21,2021-12-23,CHAL,3,GX,GX,
Fall,S4,DVAG,M4_2,MOW,13,2021-12-23,CHAL,5,GX,GX,
Fall,S4,DVAG,M4_2,MOW,15,2021-12-23,CHAL,15,GX,GX,
Fall,S4,DVAG,M4_2,MOW,11,2021-12-27,CHAL,3,GX,GX,
Fall,S4,DVAG,M4_2,MOW,13,2021-12-31,CHAL,3,GX,GX,
Fall,S4,DVAG,M4_2,MOW,11,2022-01-07,CHAL,1,GX,GX,
Fall,S4,DVAG,M4_2,MOW,13,2022-01-07,CHAL,1,GX,GX,
Fall,S4,DVAG,M4_2,MOW,3,2022-02-02,CHAL,2,DG,DG,
Fall,S4,DVAG,M4_2,MOW,13,2022-02-23,CHAL,1,GX,GX,
Fall,S4,GRNB,R4_1,RES,3,2021-12-13,CHAL,11,GX,GX,
Fall,S4,GRNB,R4_1,RES,3,2022-02-04,CHAL,1,DG,GX,
Fall,S4,GRNB,R4_1,RES,3,2022-03-02,CHAL,1,DG,DG,
Fall,S4,GRNB,R4_1,RES,3,2022-03-17,CHAL,1,MT,GX,
Fall,S2,KENN,T2_3,TIL,3,2021-12-13,CHAL,2,GX,GX,
Fall,S2,KENN,T2_3,TIL,1,2021-12-13,CHAL,3,GX,GX,
Fall,S2,KENN,T2_3,TIL,5,2021-12-03,CHAL,89,DG,DG,
Fall,S2,KENN,T2_3,TIL,11,2021-12-03,CHAL,20,DG,DG,
Fall,S2,KENN,T2_3,TIL,3,2021-12-03,CHAL,33,DG,DG,
Fall,S2,KENN,T2_3,TIL,13,2021-12-13,CHAL,1,DG,DG,
Fall,S2,KENN,T2_3,TIL,23,2021-12-13,CHAL,4,DG,DG,
Fall,S2,KENN,T2_3,TIL,21,2021-12-13,CHAL,1,DG,DG,
Fall,S2,KENN,T2_3,TIL,25,2021-12-13,CHAL,11,DG,DG,
Fall,S2,KENN,T2_3,TIL,11,2021-12-20,CHAL,3,GX,GX,
Fall,S2,KENN,T2_3,TIL,5,2021-12-23,CHAL,1,GX,GX,
Fall,S2,KENN,T2_3,TIL,25,2021-12-23,CHAL,2,GX,GX,
Fall,S2,KENN,T2_3,TIL,3,2021-12-27,CHAL,12,GX,GX,
Fall,S2,KENN,T2_3,TIL,25,2022-01-04,CHAL,1,GX,GX,
Fall,S2,KENN,T2_3,TIL,21,2022-01-10,CHAL,3,GX,GX,
Fall,S2,KENN,T2_3,TIL,5,2021-12-21,CHAL,6,DG,DG,
Fall,S2,KENN,T2_3,TIL,1,2022-02-07,CHAL,1,DG,DG,
Fall,S2,KENN,T2_3,TIL,3,2022-02-02,CHAL,1,DG,DG,
Fall,S2,KENN,T2_3,TIL,11,2022-01-24,CHAL,4,DG,DG,
Fall,S2,KENN,T2_3,TIL,5,2022-02-09,CHAL,1,DG,GX,
Fall,S2,KENN,T2_3,TIL,21,2022-02-09,CHAL,5,DG,GX,
Fall,S2,KENN,T2_3,TIL,3,2022-02-23,CHAL,1,DG,DG,
Fall,S2,KENN,T2_3,TIL,11,2022-02-23,CHAL,14,DG,DG,
Fall,S2,KENN,T2_3,TIL,21,2022-02-28,CHAL,11,DG,DG,
Fall,S2,KENN,T2_3,TIL,5,2022-02-28,CHAL,5,DG,DG,
Fall,S2,KENN,T2_3,TIL,23,2022-02-28,CHAL,1,DG,DG,
Fall,S2,KENN,T2_3,TIL,15,2022-02-28,CHAL,1,DG,DG,
Fall,S2,KENN,T2_3,TIL,25,2022-02-28,CHAL,3,DG,DG,
Fall,S2,KENN,T2_3,TIL,5,2022-03-17,CHAL,6,GX,,
Fall,S2,KENN,T2_3,TIL,21,2022-03-17,CHAL,4,DG,GX,
Fall,S2,KENN,T2_3,TIL,11,2022-03-17,CHAL,1,DG,GX,
Fall,S2,KENN,T2_3,TIL,3,2022-03-17,CHAL,2,DG,GX,
Fall,S2,KENN,T2_3,TIL,23,2022-03-17,CHAL,1,DG,GX,
Fall,S2,TIMH,T2_2,TIL,1,2021-12-13,CHAL,1,GX,GX,
Fall,S2,TIMH,T2_2,TIL,3,2021-12-03,CHAL,97,DG,DG,Chenopodium album
Fall,S2,TIMH,T2_2,TIL,5,2021-12-03,CHAL,100,DG,DG,
Fall,S2,TIMH,T2_2,TIL,5,2021-12-03,CHAL,24,DG,DG,
Fall,S2,TIMH,T2_2,TIL,5,2021-12-20,CHAL,16,GX,GX,
Fall,S2,TIMH,T2_2,TIL,5,2021-12-27,CHAL,2,GX,GX,
Fall,S2,TIMH,T2_2,TIL,5,2022-01-04,CHAL,6,GX,GX,
Fall,S2,TIMH,T2_2,TIL,13,2022-01-07,CHAL,1,GX,GX,
Fall,S2,TIMH,T2_2,TIL,15,2021-12-13,CHAL,1,GX,GX,
Fall,S2,TIMH,T2_2,TIL,15,2021-12-03,CHAL,41,DG,DG,
Fall,S2,TIMH,T2_2,TIL,15,2022-01-04,CHAL,8,GX,GX,
Fall,S2,TIMH,T2_2,TIL,21,2021-12-27,CHAL,1,GX,GX,
Fall,S2,TIMH,T2_2,TIL,23,2021-12-13,CHAL,1,GX,GX,
Fall,S2,TIMH,T2_2,TIL,25,2021-12-13,CHAL,1,GX,GX,
Fall,S2,TIMH,T2_2,TIL,5,2022-02-07,CHAL,1,DG,DG,
Fall,S2,TIMH,T2_2,TIL,3,2022-02-04,CHAL,1,DG,GX,
Fall,S2,TIMH,T2_2,TIL,1,2022-02-14,CHAL,2,DG,DG,
Fall,S2,TIMH,T2_2,TIL,13,2022-02-28,CHAL,2,DG,DG,
Fall,S2,TIMH,T2_2,TIL,3,2022-02-28,CHAL,6,DG,DG,
Fall,S2,TIMH,T2_2,TIL,5,2022-02-28,CHAL,1,DG,DG,
Fall,S2,TIMH,T2_2,TIL,13,2022-03-17,CHAL,4,GX,,
Fall,S2,TIMH,T2_2,TIL,3,2022-03-17,CHAL,2,DG,GX,
Fall,S2,TIMH,T2_2,TIL,15,2022-03-17,CHAL,1,DG,GX,
Fall,S2,VICP,T2_1,TIL,13,2021-12-13,CHAL,2,GX,GX,
Fall,S2,VICP,T2_1,TIL,5,2021-12-13,CHAL,5,GX,GX,
Fall,S2,VICP,T2_1,TIL,21,2021-12-13,CHAL,2,DG,DG,
Fall,S2,VICP,T2_1,TIL,23,2021-12-13,CHAL,22,DG,DG,
Fall,S2,VICP,T2_1,TIL,1,2021-12-13,CHAL,1,DG,DG,
Fall,S2,VICP,T2_1,TIL,11,2021-12-23,CHAL,3,GX,GX,
Fall,S2,VICP,T2_1,TIL,5,2022-01-04,CHAL,4,GX,GX,
Fall,S2,VICP,T2_1,TIL,11,2022-01-10,CHAL,1,GX,GX,
Fall,S2,VICP,T2_1,TIL,11,2022-02-28,CHAL,1,DG,DG,
Fall,S2,VICP,T2_1,TIL,11,2022-03-17,CHAL,1,GX,,
Fall,S2,VICP,T2_1,TIL,15,2022-03-17,CHAL,1,MT,GX,
Fall,S2,VICP,T2_1,TIL,23,2022-03-17,CHAL,3,DG,GX,
Fall,S4,BNSH,R4_2,RES,5,2021-12-17,CIAR,2,DG,GX,"Originally labeled as ""CIXX"" but relabeled as ""CIAR"" (GX)"
Fall,S4,BNSH,R4_2,RES,5,2022-03-02,CIAR,1,DG,DG,"Originally labelled as ""CISP"" but relabeled as ""CIAR"" (GX)"
Fall,S4,DAVE,R4_3,RES,5,2022-02-09,CIAR,1,GX,GX,
Fall,S4,DAVE,R4_3,RES,25,2022-03-17,CIAR,1,GX,GX,
Fall,S2,KENN,T2_3,TIL,1,2022-03-17,CIAR,1,DG,GX,"Originally labelled as ""CISP"" but relabeled as ""CIAR"" (GX)"
Fall,S4,AMBJ,M4_1,MOW,1,2022-02-04,CIVU,1,DG,GX,Cirsium vulgare
Fall,S4,BNSH,R4_2,RES,3,2022-01-07,CIVU,3,GX,GX,
Fall,S4,BRIM,M4_3,MOW,21,2022-01-07,CIVU,3,GX,GX,
Fall,S4,BRIM,M4_3,MOW,23,2022-02-09,CIVU,1,DG,GX,Cirsium vulgare
Fall,S4,BRIM,M4_3,MOW,23,2022-02-04,CIVU,1,DG,GX,Cirsium vulgare
Fall,S4,DAVE,R4_3,RES,13,2022-01-07,CIVU,1,GX,GX,
Fall,S4,DVAG,M4_2,MOW,5,2022-01-07,CIVU,1,GX,GX,
Fall,S4,DVAG,M4_2,MOW,25,2022-02-04,CIVU,1,DG,GX,Cirsium vulgare
Fall,S4,GRNB,R4_1,RES,23,2022-01-04,CIVU,1,GX,GX,bull thistle (GX)
Fall,S4,GRNB,R4_1,RES,1,2022-01-10,CIVU,1,GX,GX,
Fall,S4,GRNB,R4_1,RES,5,2022-03-17,CIVU,2,MT,GX,
Fall,S4,AMBJ,M4_1,MOW,13,2021-12-27,COCA,32,GX,GX,
Fall,S4,AMBJ,M4_1,MOW,3,2021-12-27,COCA,1,GX,GX,
Fall,S4,AMBJ,M4_1,MOW,25,2021-12-27,COCA,22,GX,GX,
Fall,S4,AMBJ,M4_1,MOW,23,2021-12-27,COCA,70,GX,GX,
Fall,S4,AMBJ,M4_1,MOW,5,2021-12-31,COCA,1,GX,GX,
Fall,S4,AMBJ,M4_1,MOW,15,2021-12-31,COCA,1,GX,GX,
Fall,S4,AMBJ,M4_1,MOW,25,2022-01-04,COCA,4,GX,GX,
Fall,S4,AMBJ,M4_1,MOW,21,2022-01-04,COCA,2,GX,GX,
Fall,S4,AMBJ,M4_1,MOW,23,2022-01-04,COCA,18,GX,GX,
Fall,S4,AMBJ,M4_1,MOW,23,2022-01-10,COCA,3,GX,GX,
Fall,S4,AMBJ,M4_1,MOW,15,2022-02-07,COCA,1,DG,DG,
Fall,S4,AMBJ,M4_1,MOW,25,2022-02-04,COCA,1,DG,GX,
Fall,S4,AMBJ,M4_1,MOW,13,2022-02-09,COCA,11,GX,GX,
Fall,S4,AMBJ,M4_1,MOW,25,2022-02-09,COCA,2,GX,GX,
Fall,S4,AMBJ,M4_1,MOW,23,2022-02-09,COCA,6,GX,GX,
Fall,S4,AMBJ,M4_1,MOW,23,2022-02-28,COCA,2,DG,DG,
Fall,S4,AMBJ,M4_1,MOW,21,2022-03-17,COCA,1,DG,GX,
Fall,S4,AMBJ,M4_1,MOW,13,2022-03-17,COCA,2,DG,GX,
Fall,S4,AMBJ,M4_1,MOW,11,2022-03-17,COCA,2,DG,GX,
Fall,S4,BNSH,R4_2,RES,21,2021-12-27,COCA,4,GX,GX,
Fall,S4,BNSH,R4_2,RES,5,2021-12-27,COCA,7,GX,GX,
Fall,S4,BNSH,R4_2,RES,25,2021-12-31,COCA,13,GX,GX,
Fall,S4,BNSH,R4_2,RES,11,2021-12-31,COCA,3,GX,GX,
Fall,S4,BNSH,R4_2,RES,23,2021-12-31,COCA,36,GX,GX,
Fall,S4,BNSH,R4_2,RES,13,2021-12-31,COCA,9,GX,GX,
Fall,S4,BNSH,R4_2,RES,15,2021-12-31,COCA,43,GX,GX,
Fall,S4,BNSH,R4_2,RES,3,2021-12-31,COCA,1,GX,GX,
Fall,S4,BNSH,R4_2,RES,5,2022-01-04,COCA,1,GX,GX,
Fall,S4,BNSH,R4_2,RES,23,2022-01-07,COCA,9,GX,GX,
Fall,S4,BNSH,R4_2,RES,15,2022-01-07,COCA,11,GX,GX,
Fall,S4,BNSH,R4_2,RES,3,2022-01-07,COCA,1,GX,GX,
Fall,S4,BNSH,R4_2,RES,15,2022-01-10,COCA,3,GX,GX,
Fall,S4,BNSH,R4_2,RES,21,2022-01-10,COCA,2,GX,GX,
Fall,S4,BNSH,R4_2,RES,23,2022-01-24,COCA,7,DG,DG,
Fall,S4,BNSH,R4_2,RES,11,2022-01-24,COCA,5,DG,DG,
Fall,S4,BNSH,R4_2,RES,15,2022-02-09,COCA,13,GX,GX,
Fall,S4,BNSH,R4_2,RES,13,2022-02-18,COCA,2,GX,GX,
Fall,S4,BNSH,R4_2,RES,25,2022-02-18,COCA,1,GX,GX,
Fall,S4,BNSH,R4_2,RES,15,2022-02-23,COCA,3,GX,GX,
Fall,S4,BNSH,R4_2,RES,3,2022-03-02,COCA,1,DG,DG,"Originally labelled as ""ERCA"" but relabeled to ""COCA"" (GX)"
Fall,S4,BRIM,M4_3,MOW,15,2021-12-27,COCA,4,GX,GX,
Fall,S4,BRIM,M4_3,MOW,3,2021-12-27,COCA,5,GX,GX,
Fall,S4,BRIM,M4_3,MOW,25,2021-12-27,COCA,1,GX,GX,
Fall,S4,BRIM,M4_3,MOW,13,2021-12-31,COCA,1,GX,GX,
Fall,S4,BRIM,M4_3,MOW,21,2021-12-31,COCA,3,GX,GX,
Fall,S4,BRIM,M4_3,MOW,23,2021-12-31,COCA,1,GX,GX,
Fall,S4,BRIM,M4_3,MOW,13,2022-01-07,COCA,1,GX,GX,
Fall,S4,BRIM,M4_3,MOW,15,2022-01-07,COCA,1,GX,GX,
Fall,S4,BRIM,M4_3,MOW,1,2022-01-10,COCA,2,GX,GX,
Fall,S4,BRIM,M4_3,MOW,21,2022-02-07,COCA,2,DG,DG,
Fall,S4,BRIM,M4_3,MOW,21,2022-01-24,COCA,9,DG,DG,
Fall,S4,BRIM,M4_3,MOW,15,2022-01-24,COCA,4,DG,DG,
Fall,S4,BRIM,M4_3,MOW,3,2022-02-23,COCA,1,GX,GX,
Fall,S4,BRIM,M4_3,MOW,13,2022-02-23,COCA,2,GX,GX,
Fall,S4,BRIM,M4_3,MOW,23,2022-03-17,COCA,1,GX,,
Fall,S4,BRIM,M4_3,MOW,21,2022-03-17,COCA,1,MT,GX,
Fall,S4,DAVE,R4_3,RES,25,2021-12-31,COCA,2,GX,GX,
Fall,S4,DAVE,R4_3,RES,5,2021-12-31,COCA,4,GX,GX,
Fall,S4,DAVE,R4_3,RES,11,2022-01-04,COCA,4,GX,GX,
Fall,S4,DAVE,R4_3,RES,13,2022-01-07,COCA,1,GX,GX,
Fall,S4,DAVE,R4_3,RES,1,2022-01-07,COCA,1,GX,GX,
Fall,S4,DAVE,R4_3,RES,11,2022-01-10,COCA,1,GX,GX,
Fall,S4,DAVE,R4_3,RES,25,2022-01-24,COCA,1,DG,DG,
Fall,S4,DAVE,R4_3,RES,23,2022-03-17,COCA,2,GX,,
Fall,S4,DAVE,R4_3,RES,11,2022-03-17,COCA,1,MT,GX,
Fall,S4,DVAG,M4_2,MOW,5,2021-12-27,COCA,2,GX,GX,
Fall,S4,DVAG,M4_2,MOW,15,2021-12-27,COCA,58,GX,GX,
Fall,S4,DVAG,M4_2,MOW,11,2021-12-27,COCA,1,GX,GX,
Fall,S4,DVAG,M4_2,MOW,3,2021-12-31,COCA,2,GX,GX,
Fall,S4,DVAG,M4_2,MOW,1,2021-12-31,COCA,1,GX,GX,
Fall,S4,DVAG,M4_2,MOW,15,2022-01-04,COCA,14,GX,GX,
Fall,S4,DVAG,M4_2,MOW,3,2022-01-07,COCA,1,GX,GX,
Fall,S4,DVAG,M4_2,MOW,11,2022-01-07,COCA,1,GX,GX,
Fall,S4,DVAG,M4_2,MOW,11,2022-01-24,COCA,4,DG,DG,
Fall,S4,DVAG,M4_2,MOW,11,2022-02-09,COCA,1,GX,GX,
Fall,S4,DVAG,M4_2,MOW,21,2022-02-18,COCA,1,GX,GX,
Fall,S4,DVAG,M4_2,MOW,15,2022-02-23,COCA,1,GX,GX,
Fall,S4,GRNB,R4_1,RES,15,2021-12-27,COCA,7,GX,GX,
Fall,S4,GRNB,R4_1,RES,3,2021-12-31,COCA,1,GX,GX,
Fall,S4,GRNB,R4_1,RES,5,2021-12-31,COCA,3,GX,GX,
Fall,S4,GRNB,R4_1,RES,25,2022-01-04,COCA,4,GX,GX,
Fall,S4,GRNB,R4_1,RES,13,2022-01-07,COCA,1,GX,GX,
Fall,S4,GRNB,R4_1,RES,11,2022-01-07,COCA,1,GX,GX,
Fall,S4,GRNB,R4_1,RES,5,2022-02-09,COCA,1,GX,GX,
Fall,S4,GRNB,R4_1,RES,5,2022-02-23,COCA,1,GX,GX,
Fall,S4,GRNB,R4_1,RES,3,2022-03-02,COCA,1,DG,DG,"Originally labelled as ""ERCA"" but relabeled to ""COCA"" (GX)"
Fall,S4,GRNB,R4_1,RES,5,2022-03-17,COCA,1,MT,GX,
Fall,S4,GRNB,R4_1,RES,23,2022-03-17,COCA,1,DG,GX,
Fall,S4,GRNB,R4_1,RES,1,2022-03-17,COCA,3,DG,GX,
Fall,S2,KENN,T2_3,TIL,23,2021-12-27,COCA,8,GX,GX,
Fall,S2,KENN,T2_3,TIL,5,2021-12-27,COCA,1,GX,GX,
Fall,S2,KENN,T2_3,TIL,3,2021-12-27,COCA,7,GX,GX,
Fall,S2,KENN,T2_3,TIL,15,2021-12-31,COCA,4,GX,GX,
Fall,S2,KENN,T2_3,TIL,25,2022-01-04,COCA,3,GX,GX,
Fall,S2,KENN,T2_3,TIL,13,2022-01-07,COCA,1,GX,GX,
Fall,S2,KENN,T2_3,TIL,21,2022-01-10,COCA,2,GX,GX,
Fall,S2,KENN,T2_3,TIL,11,2022-02-09,COCA,3,GX,GX,
Fall,S2,TIMH,T2_2,TIL,5,2021-12-27,COCA,8,GX,GX,conzya canadensis (GX)
Fall,S2,TIMH,T2_2,TIL,11,2021-12-31,COCA,2,GX,GX,
Fall,S2,TIMH,T2_2,TIL,13,2022-01-07,COCA,2,GX,GX,
Fall,S2,TIMH,T2_2,TIL,21,2021-12-27,COCA,17,GX,GX,
Fall,S2,TIMH,T2_2,TIL,23,2021-12-27,COCA,1,GX,GX,
Fall,S2,TIMH,T2_2,TIL,25,2021-12-31,COCA,2,GX,GX,
Fall,S2,TIMH,T2_2,TIL,1,2022-02-23,COCA,1,GX,GX,
Fall,S4,BNSH,R4_2,RES,5,2022-01-12,COLA,1,DG,DG,
Fall,S4,DAVE,R4_3,RES,25,2022-01-24,COLA,1,DG,DG,
Fall,S4,DVAG,M4_2,MOW,3,2022-01-12,COLA,1,DG,DG,COREOPSIS LANCEOLATA
Fall,S4,DVAG,M4_2,MOW,3,2022-02-07,COLA,1,DG,DG,COREOPSIS LANCEOLATA
Fall,S4,BNSH,R4_2,RES,5,2022-03-02,COTR,1,DG,DG,Coreopsis tripteris
Fall,S4,BNSH,R4_2,RES,5,2022-03-17,COTR,1,DG,GX,
Fall,S4,DVAG,M4_2,MOW,11,2022-03-02,COTR,1,DG,DG,
Fall,S4,DVAG,M4_2,MOW,5,2022-03-02,COTR,1,DG,DG,
Fall,S4,DVAG,M4_2,MOW,25,2022-03-17,COTR,1,DG,GX,
Fall,S4,AMBJ,M4_1,MOW,23,2022-01-04,DACA,1,GX,GX,
Fall,S4,AMBJ,M4_1,MOW,13,2022-01-07,DACA,1,GX,GX,
Fall,S4,AMBJ,M4_1,MOW,23,2022-02-28,DACA,1,DG,DG,
Fall,S4,BNSH,R4_2,RES,1,2021-12-13,DACA,1,GX,GX,carrot
Fall,S4,BNSH,R4_2,RES,25,2021-12-13,DACA,1,DG,DG,
Fall,S4,BNSH,R4_2,RES,23,2021-12-17,DACA,1,DG,GX,
Fall,S4,BNSH,R4_2,RES,11,2022-01-10,DACA,1,GX,GX,
Fall,S4,BNSH,R4_2,RES,11,2021-12-21,DACA,1,DG,DG,
Fall,S4,BNSH,R4_2,RES,15,2022-02-23,DACA,1,GX,GX,
Fall,S4,BNSH,R4_2,RES,11,2022-02-23,DACA,30,DG,DG,
Fall,S4,BNSH,R4_2,RES,21,2022-02-28,DACA,2,DG,DG,
Fall,S4,BNSH,R4_2,RES,1,2022-03-17,DACA,1,GX,,
Fall,S4,BNSH,R4_2,RES,21,2022-03-17,DACA,1,DG,GX,
Fall,S4,BRIM,M4_3,MOW,11,2021-12-13,DACA,1,GX,GX,carrot
Fall,S4,BRIM,M4_3,MOW,23,2021-12-17,DACA,1,DG,GX,
Fall,S4,BRIM,M4_3,MOW,23,2022-03-02,DACA,1,DG,DG,
Fall,S4,BRIM,M4_3,MOW,13,2022-03-17,DACA,1,MT,GX,
Fall,S4,DAVE,R4_3,RES,3,2021-12-13,DACA,1,GX,GX,
Fall,S4,DAVE,R4_3,RES,3,2022-02-04,DACA,1,DG,GX,
Fall,S4,DAVE,R4_3,RES,3,2022-03-17,DACA,1,DG,GX,
Fall,S4,DVAG,M4_2,MOW,21,2021-12-23,DACA,1,GX,GX,
Fall,S4,DVAG,M4_2,MOW,15,2021-12-23,DACA,1,GX,GX,
Fall,S4,DVAG,M4_2,MOW,3,2021-12-31,DACA,1,GX,GX,
Fall,S4,DVAG,M4_2,MOW,25,2022-03-17,DACA,1,MT,GX,
Fall,S4,DVAG,M4_2,MOW,3,2022-03-17,DACA,1,MT,GX,
Fall,S4,GRNB,R4_1,RES,3,2021-12-13,DACA,1,GX,GX,carrot
Fall,S4,GRNB,R4_1,RES,23,2021-12-13,DACA,1,DG,DG,
Fall,S4,GRNB,R4_1,RES,13,2021-12-20,DACA,2,GX,GX,
Fall,S4,GRNB,R4_1,RES,15,2022-03-17,DACA,2,GX,,
Fall,S4,GRNB,R4_1,RES,3,2022-03-17,DACA,2,MT,GX,
Fall,S2,KENN,T2_3,TIL,23,2021-12-13,DACA,1,DG,DG,
Fall,S2,KENN,T2_3,TIL,1,2021-12-27,DACA,1,GX,GX,
Fall,S2,KENN,T2_3,TIL,21,2022-02-28,DACA,1,DG,DG,
Fall,S2,KENN,T2_3,TIL,15,2022-02-28,DACA,1,DG,DG,
Fall,S2,KENN,T2_3,TIL,1,2022-03-17,DACA,3,DG,GX,
Fall,S2,KENN,T2_3,TIL,25,2022-03-17,DACA,1,DG,GX,
Fall,S2,TIMH,T2_2,TIL,25,2021-12-13,DACA,1,GX,GX,
Fall,S2,TIMH,T2_2,TIL,1,2022-02-14,DACA,1,DG,DG,
Fall,S2,TIMH,T2_2,TIL,5,2022-03-17,DACA,6,DG,GX,
Fall,S4,AMBJ,M4_1,MOW,15,2022-01-24,DECA,3,DG,DG,
Fall,S4,AMBJ,M4_1,MOW,15,2022-03-17,DECA,1,MT,GX,
Fall,S4,DAVE,R4_3,RES,25,2022-01-24,DECA,1,DG,DG,DESMODIUM CANADENSE
Fall,S4,DVAG,M4_2,MOW,1,2022-01-24,DECA,2,DG,DG,
Fall,S4,AMBJ,M4_1,MOW,11,2022-02-04,ECCR,1,GX,GX,
Fall,S4,BNSH,R4_2,RES,1,2022-02-04,ECCR,1,GX,GX,
Fall,S4,BNSH,R4_2,RES,3,2022-03-17,ECCR,2,GX,,"Originally labelled as ""ECGR"" but relabeled as ""ECCR"" (GX)"
Fall,S4,BNSH,R4_2,RES,15,2022-03-17,ECCR,1,GX,,"Originally labelled as ""ECGR"" but relabeled as ""ECCR"" (GX)"
Fall,S4,BNSH,R4_2,RES,1,2022-03-17,ECCR,1,GX,,"Originally labelled as ""ECGR"" but relabeled as ""ECCR"" (GX)"
Fall,S4,BRIM,M4_3,MOW,23,2022-02-04,ECCR,3,GX,GX,
Fall,S2,BRIM,M4_3,MOW,13,2022-02-04,ECCR,1,GX,GX,
Fall,S4,BRIM,M4_3,MOW,15,2022-03-17,ECCR,1,GX,,"Originally labelled as ""ECGR"" but relabeled as ""ECCR"" (GX)"
Fall,S4,BRIM,M4_3,MOW,25,2022-03-17,ECCR,1,GX,,"Originally labelled as ""ECGR"" but relabeled as ""ECCR"" (GX)"
Fall,S4,BRIM,M4_3,MOW,23,2022-03-17,ECCR,5,GX,,"Originally labelled as ""ECGR"" but relabeled as ""ECCR"" (GX)"
Fall,S4,DAVE,R4_3,RES,11,2022-02-04,ECCR,1,GX,GX,
Fall,S4,AMBJ,M4_1,MOW,25,2022-03-17,EPLE,1,DG,GX,
Fall,S4,AMBJ,M4_1,MOW,15,2022-02-07,ERAN,1,DG,DG,
Fall,S4,AMBJ,M4_1,MOW,25,2022-02-09,ERAN,1,GX,GX,
Fall,S4,AMBJ,M4_1,MOW,1,2022-03-02,ERAN,1,DG,DG,E. annuus
Fall,S4,AMBJ,M4_1,MOW,25,2022-03-02,ERAN,1,DG,DG,
Fall,S4,AMBJ,M4_1,MOW,13,2022-03-17,ERAN,3,DG,GX,
Fall,S4,BNSH,R4_2,RES,5,2022-01-10,ERAN,2,GX,GX,
Fall,S4,BNSH,R4_2,RES,11,2022-02-07,ERAN,3,DG,DG,
Fall,S4,BNSH,R4_2,RES,23,2022-02-04,ERAN,1,DG,GX,
Fall,S4,BNSH,R4_2,RES,3,2022-03-02,ERAN,1,DG,DG,
Fall,S4,BRIM,M4_3,MOW,25,2022-01-07,ERAN,25,GX,GX,
Fall,S4,BRIM,M4_3,MOW,15,2022-01-07,ERAN,11,GX,GX,
Fall,S4,BRIM,M4_3,MOW,1,2022-01-10,ERAN,1,GX,GX,
Fall,S4,BRIM,M4_3,MOW,11,2022-01-10,ERAN,4,GX,GX,
Fall,S4,BRIM,M4_3,MOW,21,2022-02-07,ERAN,1,DG,DG,
Fall,S4,BRIM,M4_3,MOW,25,2022-02-09,ERAN,4,GX,GX,
Fall,S4,BRIM,M4_3,MOW,15,2022-02-23,ERAN,2,GX,GX,
Fall,S4,BRIM,M4_3,MOW,1,2022-03-17,ERAN,1,DG,GX,
Fall,S4,BRIM,M4_3,MOW,15,2022-03-17,ERAN,1,DG,GX,
Fall,S4,DAVE,R4_3,RES,13,2022-01-07,ERAN,12,GX,GX,
Fall,S4,DVAG,M4_2,MOW,3,2022-02-02,ERAN,5,DG,DG,
Fall,S4,DVAG,M4_2,MOW,21,2022-02-18,ERAN,1,GX,GX,
Fall,S4,DVAG,M4_2,MOW,15,2022-03-17,ERAN,2,DG,GX,
Fall,S4,GRNB,R4_1,RES,13,2022-01-07,ERAN,5,GX,GX,
Fall,S4,GRNB,R4_1,RES,11,2022-01-07,ERAN,1,GX,GX,
Fall,S4,GRNB,R4_1,RES,15,2022-01-10,ERAN,5,GX,GX,
Fall,S4,GRNB,R4_1,RES,1,2022-01-10,ERAN,1,GX,GX,
Fall,S4,GRNB,R4_1,RES,25,2022-01-10,ERAN,2,GX,GX,
Fall,S4,GRNB,R4_1,RES,5,2022-01-10,ERAN,1,GX,GX,
Fall,S4,GRNB,R4_1,RES,21,2022-01-10,ERAN,1,GX,GX,
Fall,S4,GRNB,R4_1,RES,3,2022-02-04,ERAN,2,DG,GX,
Fall,S4,GRNB,R4_1,RES,13,2022-02-28,ERAN,1,DG,DG,
Fall,S4,GRNB,R4_1,RES,13,2022-03-17,ERAN,1,DG,GX,
Fall,S4,DVAG,M4_2,MOW,15,2022-02-04,ERCI,1,GX,GX,"Originally labelled as ""EGCI"" but relabeled as ""ERCI"""
Fall,S2,VICP,T2_1,TIL,1,2022-02-04,ERCI,1,GX,GX,stinkgrass
Fall,S4,BRIM,M4_3,MOW,23,2022-03-17,EUGR,1,DG,GX,
Fall,S4,AMBJ,M4_1,MOW,21,2022-01-04,FRVE,3,GX,GX,could also be PONO (GX)
Fall,S4,BRIM,M4_3,MOW,3,2022-03-17,FRVE,11,MT,GX,
Fall,S4,BRIM,M4_3,MOW,1,2022-03-17,FRVE,1,DG,GX,
Fall,S4,GRNB,R4_1,RES,25,2022-01-04,FRVE,1,GX,GX,
Fall,S2,KENN,T2_3,TIL,15,2022-01-04,FRVE,1,GX,GX,
Fall,S4,AMBJ,M4_1,MOW,25,2022-01-24,GLHE,1,DG,DG,GLECHOMA HEDERACEA
Fall,S4,AMBJ,M4_1,MOW,25,2022-01-04,HEGI,1,GX,GX,
Fall,S4,BNSH,R4_2,RES,13,2021-12-31,HEGI,1,GX,GX,
Fall,S4,BRIM,M4_3,MOW,25,2022-01-07,HEGI,1,GX,GX,
Fall,S4,DVAG,M4_2,MOW,23,2021-12-31,HEGI,1,GX,GX,
Fall,S4,AMBJ,M4_1,MOW,3,2021-12-23,HEHE,1,GX,GX,
Fall,S4,AMBJ,M4_1,MOW,15,2021-12-31,HEHE,1,GX,GX,
Fall,S4,AMBJ,M4_1,MOW,11,2021-12-31,HEHE,1,GX,GX,
Fall,S4,AMBJ,M4_1,MOW,3,2022-01-04,HEHE,1,GX,GX,
Fall,S4,DAVE,R4_3,RES,11,2022-03-17,HEHE,1,MT,GX,
Fall,S4,DVAG,M4_2,MOW,3,2021-12-31,HEHE,3,GX,GX,
Fall,S4,DVAG,M4_2,MOW,1,2021-12-31,HEHE,5,GX,GX,
Fall,S4,DVAG,M4_2,MOW,23,2021-12-31,HEHE,1,GX,GX,
Fall,S4,DVAG,M4_2,MOW,11,2022-01-07,HEHE,4,GX,GX,
Fall,S4,DVAG,M4_2,MOW,11,2022-02-09,HEHE,1,GX,GX,
Fall,S4,AMBJ,M4_1,MOW,13,2022-02-23,HYPE,1,DG,DG,Hypericum perforatum
Fall,S4,AMBJ,M4_1,MOW,13,2022-03-17,HYPE,2,DG,GX,
Fall,S4,BRIM,M4_3,MOW,13,2022-01-07,LASA,1,GX,GX,
Fall,S4,DVAG,M4_2,MOW,23,2022-01-07,LASA,1,GX,GX,
Fall,S2,KENN,T2_3,TIL,13,2022-01-07,LASE,1,GX,GX,
Fall,S2,KENN,T2_3,TIL,3,2022-02-23,LASE,2,DG,DG,
Fall,S2,KENN,T2_3,TIL,1,2022-03-17,LASE,1,DG,GX,
Fall,S2,TIMH,T2_2,TIL,1,2021-12-17,LASE,1,DG,GX,Hard to read handwriting (GX)
Fall,S2,TIMH,T2_2,TIL,23,2021-12-17,LASE,2,DG,GX,
Fall,S2,TIMH,T2_2,TIL,25,2022-02-23,LASE,1,DG,DG,Lactuca seriola
Fall,S2,TIMH,T2_2,TIL,15,2022-02-28,LASE,1,DG,DG,
Fall,S2,VICP,T2_1,TIL,23,2021-12-13,LASE,3,DG,DG,LACTUCA SERRIOLA (PRICKLYLETTUCE)
Fall,S2,VICP,T2_1,TIL,1,2021-12-13,LASE,2,DG,DG,
Fall,S2,VICP,T2_1,TIL,5,2021-12-17,LASE,2,DG,GX,
Fall,S2,VICP,T2_1,TIL,1,2022-03-17,LASE,1,DG,GX,
Fall,S4,AMBJ,M4_1,MOW,23,2022-02-28,LECA,1,DG,DG,Leonaurus cardiaca
Fall,S4,BNSH,R4_2,RES,13,2022-01-12,LIVU,1,DG,DG,
Fall,S4,BNSH,R4_2,RES,3,2022-01-12,LIVU,5,DG,DG,
Fall,S4,BNSH,R4_2,RES,5,2022-01-12,LIVU,1,DG,DG,
Fall,S4,BNSH,R4_2,RES,23,2022-01-24,LIVU,1,DG,DG,
Fall,S4,BNSH,R4_2,RES,11,2022-01-24,LIVU,1,DG,DG,
Fall,S4,BNSH,R4_2,RES,3,2022-02-09,LIVU,1,DG,GX,
Fall,S4,BNSH,R4_2,RES,25,2022-03-17,LIVU,1,GX,,
Fall,S4,BNSH,R4_2,RES,15,2022-03-17,LIVU,1,DG,GX,
Fall,S4,BRIM,M4_3,MOW,25,2022-01-12,LIVU,3,DG,DG,
Fall,S4,BRIM,M4_3,MOW,21,2022-01-24,LIVU,1,DG,DG,
Fall,S4,BRIM,M4_3,MOW,25,2022-01-24,LIVU,3,DG,DG,
Fall,S4,BRIM,M4_3,MOW,15,2022-01-24,LIVU,4,DG,DG,
Fall,S4,DAVE,R4_3,RES,25,2022-01-24,LIVU,1,DG,DG,
Fall,S4,DAVE,R4_3,RES,11,2022-01-24,LIVU,1,DG,DG,
Fall,S4,DAVE,R4_3,RES,23,2022-03-02,LIVU,1,DG,DG,
Fall,S4,DAVE,R4_3,RES,1,2022-03-17,LIVU,2,DG,GX,
Fall,S4,DVAG,M4_2,MOW,5,2022-01-12,LIVU,1,DG,DG,
Fall,S4,DVAG,M4_2,MOW,11,2022-01-12,LIVU,2,DG,DG,
Fall,S4,GRNB,R4_1,RES,11,2022-01-12,LIVU,1,DG,DG,
Fall,S4,GRNB,R4_1,RES,13,2022-01-24,LIVU,1,DG,DG,
Fall,S4,AMBJ,M4_1,MOW,13,2022-02-07,MELU,3,DG,DG,
Fall,S4,AMBJ,M4_1,MOW,23,2022-02-28,MELU,1,DG,DG,
Fall,S4,AMBJ,M4_1,MOW,13,2022-03-17,MELU,4,DG,GX,
Fall,S4,BNSH,R4_2,RES,23,2022-01-07,MELU,1,GX,GX,
Fall,S4,BNSH,R4_2,RES,21,2022-01-10,MELU,1,GX,GX,
Fall,S4,BNSH,R4_2,RES,25,2022-01-12,MELU,1,DG,DG,
Fall,S4,BNSH,R4_2,RES,13,2022-02-18,MELU,1,GX,GX,
Fall,S4,BNSH,R4_2,RES,25,2022-03-17,MELU,1,GX,,
Fall,S4,BNSH,R4_2,RES,21,2022-03-17,MELU,2,DG,GX,
Fall,S4,BNSH,R4_2,RES,5,2022-03-17,MELU,1,DG,GX,
Fall,S4,BRIM,M4_3,MOW,3,2022-01-12,MELU,1,DG,DG,
Fall,S4,BRIM,M4_3,MOW,13,2022-01-24,MELU,1,DG,DG,
Fall,S4,DAVE,R4_3,RES,23,2022-02-07,MELU,1,DG,DG,
Fall,S4,DVAG,M4_2,MOW,1,2022-02-28,MELU,1,DG,DG,
Fall,S4,DVAG,M4_2,MOW,21,2022-03-17,MELU,1,DG,GX,
Fall,S4,GRNB,R4_1,RES,13,2022-01-07,MELU,1,GX,GX,
Fall,S4,GRNB,R4_1,RES,23,2022-02-07,MELU,1,DG,DG,
Fall,S4,GRNB,R4_1,RES,3,2022-02-04,MELU,1,DG,GX,
Fall,S4,GRNB,R4_1,RES,3,2022-03-17,MELU,1,MT,GX,
Fall,S4,GRNB,R4_1,RES,13,2022-03-17,MELU,1,DG,GX,
Fall,S2,KENN,T2_3,TIL,25,2022-01-10,MELU,1,GX,GX,
Fall,S2,KENN,T2_3,TIL,15,2022-01-24,MELU,2,DG,DG,
Fall,S2,KENN,T2_3,TIL,11,2022-01-24,MELU,1,DG,DG,
Fall,S2,KENN,T2_3,TIL,13,2022-02-09,MELU,2,DG,GX,
Fall,S2,KENN,T2_3,TIL,11,2022-03-17,MELU,1,DG,GX,
Fall,S2,KENN,T2_3,TIL,25,2022-03-17,MELU,1,DG,GX,
Fall,S2,KENN,T2_3,TIL,13,2022-03-17,MELU,2,DG,GX,
Fall,S2,TIMH,T2_2,TIL,11,2022-03-17,MELU,1,GX,,
Fall,S2,VICP,T2_1,TIL,3,2021-12-17,MELU,3,DG,GX,"Written as ""MEL"" on sheet (GX)"
Fall,S2,VICP,T2_1,TIL,21,2022-01-07,MELU,2,GX,GX,
Fall,S2,VICP,T2_1,TIL,1,2022-01-10,MELU,3,GX,GX,
Fall,S2,VICP,T2_1,TIL,11,2022-01-10,MELU,2,GX,GX,
Fall,S2,VICP,T2_1,TIL,23,2022-01-10,MELU,3,GX,GX,
Fall,S2,VICP,T2_1,TIL,15,2022-01-12,MELU,4,DG,DG,
Fall,S2,VICP,T2_1,TIL,3,2022-01-24,MELU,3,DG,DG,
Fall,S2,VICP,T2_1,TIL,5,2022-02-09,MELU,1,DG,GX,
Fall,S2,VICP,T2_1,TIL,25,2022-02-04,MELU,1,DG,GX,
Fall,S2,VICP,T2_1,TIL,21,2022-02-28,MELU,1,DG,DG,
Fall,S2,VICP,T2_1,TIL,13,2022-02-28,MELU,2,DG,DG,
Fall,S2,VICP,T2_1,TIL,15,2022-02-28,MELU,5,DG,DG,
Fall,S2,VICP,T2_1,TIL,11,2022-02-28,MELU,1,DG,DG,
Fall,S2,VICP,T2_1,TIL,3,2022-02-28,MELU,3,DG,DG,
Fall,S2,VICP,T2_1,TIL,15,2022-03-17,MELU,1,MT,GX,
Fall,S2,VICP,T2_1,TIL,23,2022-03-17,MELU,1,DG,GX,
Fall,S2,VICP,T2_1,TIL,3,2022-03-17,MELU,3,DG,GX,
Fall,S2,VICP,T2_1,TIL,21,2022-03-17,MELU,1,DG,GX,
Fall,S2,VICP,T2_1,TIL,1,2022-03-17,MELU,2,DG,GX,
Fall,S2,VICP,T2_1,TIL,23,2022-03-17,MELU,1,DG,GX,
Fall,S4,AMBJ,M4_1,MOW,25,2022-03-17,MOAL,1,DG,GX,
Fall,S4,DAVE,R4_3,RES,3,2022-01-12,MOAL,1,DG,DG,
Fall,S2,KENN,T2_3,TIL,5,2022-01-04,MOAL,3,GX,GX,white mulberry (GX)
Fall,S4,AMBJ,M4_1,MOW,23,2021-12-13,MOFI,92,GX,GX,
Fall,S4,AMBJ,M4_1,MOW,11,2021-12-17,MOFI,14,DG,GX,
Fall,S4,AMBJ,M4_1,MOW,5,2021-12-20,MOFI,9,GX,GX,
Fall,S4,AMBJ,M4_1,MOW,25,2021-12-20,MOFI,1,GX,GX,
Fall,S4,AMBJ,M4_1,MOW,1,2021-12-20,MOFI,4,GX,GX,
Fall,S4,AMBJ,M4_1,MOW,15,2021-12-23,MOFI,2,GX,GX,
Fall,S4,AMBJ,M4_1,MOW,15,2021-12-23,MOFI,1,GX,GX,
Fall,S4,AMBJ,M4_1,MOW,21,2021-12-23,MOFI,9,GX,GX,
Fall,S4,AMBJ,M4_1,MOW,23,2021-12-23,MOFI,16,GX,GX,
Fall,S4,AMBJ,M4_1,MOW,11,2021-12-31,MOFI,3,GX,GX,
Fall,S4,AMBJ,M4_1,MOW,3,2022-01-04,MOFI,3,GX,GX,
Fall,S4,AMBJ,M4_1,MOW,23,2022-01-04,MOFI,4,GX,GX,
Fall,S4,AMBJ,M4_1,MOW,23,2022-01-10,MOFI,3,GX,GX,
Fall,S4,AMBJ,M4_1,MOW,11,2022-02-07,MOFI,3,DG,DG,
Fall,S4,AMBJ,M4_1,MOW,23,2022-02-09,MOFI,4,GX,GX,
Fall,S4,AMBJ,M4_1,MOW,23,2022-02-28,MOFI,2,DG,DG,
Fall,S4,AMBJ,M4_1,MOW,5,2022-02-28,MOFI,1,DG,DG,
Fall,S4,AMBJ,M4_1,MOW,11,2022-03-17,MOFI,4,DG,GX,
Fall,S4,BNSH,R4_2,RES,23,2021-12-13,MOFI,18,DG,DG,MONARDA FISTULOSA
Fall,S4,BNSH,R4_2,RES,5,2021-12-17,MOFI,10,DG,GX,
Fall,S4,BNSH,R4_2,RES,15,2021-12-20,MOFI,3,GX,GX,
Fall,S4,BNSH,R4_2,RES,1,2021-12-20,MOFI,12,GX,GX,
Fall,S4,BNSH,R4_2,RES,23,2021-12-23,MOFI,2,GX,GX,
Fall,S4,BNSH,R4_2,RES,25,2021-12-23,MOFI,5,GX,GX,
Fall,S4,BNSH,R4_2,RES,5,2021-12-27,MOFI,5,GX,GX,
Fall,S4,BNSH,R4_2,RES,3,2021-12-31,MOFI,3,GX,GX,
Fall,S4,BNSH,R4_2,RES,5,2022-01-04,MOFI,1,GX,GX,
Fall,S4,BNSH,R4_2,RES,23,2022-01-07,MOFI,2,GX,GX,
Fall,S4,BNSH,R4_2,RES,5,2022-02-04,MOFI,2,DG,GX,
Fall,S4,BNSH,R4_2,RES,3,2022-03-02,MOFI,2,DG,DG,
Fall,S4,BNSH,R4_2,RES,1,2022-03-17,MOFI,1,GX,,
Fall,S4,BNSH,R4_2,RES,5,2022-03-17,MOFI,1,DG,GX,
Fall,S4,BRIM,M4_3,MOW,11,2021-12-17,MOFI,6,DG,GX,
Fall,S4,BRIM,M4_3,MOW,23,2021-12-17,MOFI,7,DG,GX,
Fall,S4,BRIM,M4_3,MOW,23,2021-12-20,MOFI,1,GX,GX,
Fall,S4,BRIM,M4_3,MOW,15,2021-12-20,MOFI,5,GX,GX,
Fall,S4,BRIM,M4_3,MOW,21,2021-12-31,MOFI,1,GX,GX,
Fall,S4,BRIM,M4_3,MOW,11,2022-01-04,MOFI,2,GX,GX,
Fall,S4,BRIM,M4_3,MOW,23,2022-02-09,MOFI,1,DG,GX,
Fall,S4,BRIM,M4_3,MOW,23,2022-02-04,MOFI,3,DG,GX,
Fall,S4,BRIM,M4_3,MOW,11,2022-03-02,MOFI,1,DG,DG,
Fall,S4,BRIM,M4_3,MOW,1,2022-03-17,MOFI,1,DG,GX,
Fall,S4,DAVE,R4_3,RES,25,2021-12-17,MOFI,5,DG,GX,
Fall,S4,DAVE,R4_3,RES,3,2021-12-17,MOFI,3,DG,GX,
Fall,S4,DAVE,R4_3,RES,3,2021-12-20,MOFI,1,GX,GX,
Fall,S4,DAVE,R4_3,RES,25,2021-12-20,MOFI,2,GX,GX,
Fall,S4,DAVE,R4_3,RES,15,2021-12-20,MOFI,2,GX,GX,
Fall,S4,DAVE,R4_3,RES,11,2021-12-23,MOFI,1,GX,GX,
Fall,S4,DAVE,R4_3,RES,23,2021-12-23,MOFI,1,GX,GX,
Fall,S4,DAVE,R4_3,RES,13,2021-12-23,MOFI,2,GX,GX,
Fall,S4,DAVE,R4_3,RES,25,2021-12-31,MOFI,1,GX,GX,
Fall,S4,DAVE,R4_3,RES,11,2022-01-04,MOFI,1,GX,GX,
Fall,S4,DAVE,R4_3,RES,13,2022-03-17,MOFI,1,GX,,
Fall,S4,DVAG,M4_2,MOW,23,2021-12-17,MOFI,21,DG,GX,
Fall,S4,DVAG,M4_2,MOW,3,2021-12-20,MOFI,1,GX,GX,
Fall,S4,DVAG,M4_2,MOW,5,2021-12-23,MOFI,3,GX,GX,
Fall,S4,DVAG,M4_2,MOW,21,2021-12-23,MOFI,12,GX,GX,
Fall,S4,DVAG,M4_2,MOW,13,2021-12-23,MOFI,9,GX,GX,
Fall,S4,DVAG,M4_2,MOW,11,2021-12-27,MOFI,11,GX,GX,
Fall,S4,DVAG,M4_2,MOW,3,2021-12-31,MOFI,1,GX,GX,
Fall,S4,DVAG,M4_2,MOW,1,2021-12-31,MOFI,4,GX,GX,
Fall,S4,DVAG,M4_2,MOW,23,2021-12-31,MOFI,4,GX,GX,
Fall,S4,DVAG,M4_2,MOW,13,2021-12-31,MOFI,3,GX,GX,
Fall,S4,DVAG,M4_2,MOW,11,2022-01-07,MOFI,4,GX,GX,
Fall,S4,DVAG,M4_2,MOW,13,2022-01-07,MOFI,2,GX,GX,
Fall,S4,DVAG,M4_2,MOW,23,2022-01-07,MOFI,1,GX,GX,
Fall,S4,DVAG,M4_2,MOW,11,2021-12-21,MOFI,77,DG,DG,
Fall,S4,DVAG,M4_2,MOW,11,2022-02-09,MOFI,3,GX,GX,
Fall,S4,DVAG,M4_2,MOW,13,2022-02-18,MOFI,1,GX,GX,
Fall,S4,DVAG,M4_2,MOW,21,2022-02-18,MOFI,1,GX,GX,
Fall,S4,DVAG,M4_2,MOW,11,2022-03-02,MOFI,2,DG,DG,
Fall,S4,DVAG,M4_2,MOW,23,2022-03-17,MOFI,1,GX,,
Fall,S4,DVAG,M4_2,MOW,11,2022-03-17,MOFI,2,MT,GX,
Fall,S4,GRNB,R4_1,RES,15,2021-12-20,MOFI,1,GX,GX,
Fall,S4,GRNB,R4_1,RES,13,2021-12-20,MOFI,2,GX,GX,
Fall,S4,GRNB,R4_1,RES,25,2021-12-23,MOFI,11,GX,GX,
Fall,S4,GRNB,R4_1,RES,25,2022-01-04,MOFI,2,GX,GX,
Fall,S4,GRNB,R4_1,RES,15,2022-01-10,MOFI,1,GX,GX,
Fall,S4,AMBJ,M4_1,MOW,15,2022-01-24,MOVE,1,DG,DG,MOLLUGO VERTICILATA
Fall,S4,AMBJ,M4_1,MOW,23,2021-12-13,OEBI,2,GX,GX,
Fall,S4,AMBJ,M4_1,MOW,23,2021-12-13,OEBI,1,GX,GX,
Fall,S4,AMBJ,M4_1,MOW,11,2021-12-17,OEBI,8,DG,GX,
Fall,S4,AMBJ,M4_1,MOW,5,2021-12-20,OEBI,2,GX,GX,
Fall,S4,AMBJ,M4_1,MOW,25,2021-12-20,OEBI,21,GX,GX,
Fall,S4,AMBJ,M4_1,MOW,1,2021-12-20,OEBI,10,GX,GX,
Fall,S4,AMBJ,M4_1,MOW,15,2021-12-23,OEBI,1,GX,GX,
Fall,S4,AMBJ,M4_1,MOW,15,2021-12-23,OEBI,46,GX,GX,
Fall,S4,AMBJ,M4_1,MOW,3,2021-12-23,OEBI,5,GX,GX,
Fall,S4,AMBJ,M4_1,MOW,21,2021-12-23,OEBI,6,GX,GX,
Fall,S4,AMBJ,M4_1,MOW,23,2021-12-23,OEBI,1,GX,GX,
Fall,S4,AMBJ,M4_1,MOW,25,2021-12-27,OEBI,1,GX,GX,
Fall,S4,AMBJ,M4_1,MOW,21,2022-01-04,OEBI,1,GX,GX,
Fall,S4,AMBJ,M4_1,MOW,23,2022-01-04,OEBI,1,GX,GX,
Fall,S4,AMBJ,M4_1,MOW,13,2022-01-07,OEBI,2,GX,GX,
Fall,S4,AMBJ,M4_1,MOW,23,2021-12-21,OEBI,12,DG,DG,
Fall,S4,AMBJ,M4_1,MOW,13,2022-02-07,OEBI,2,DG,DG,
Fall,S4,AMBJ,M4_1,MOW,13,2022-03-17,OEBI,4,DG,GX,
Fall,S4,AMBJ,M4_1,MOW,11,2022-03-17,OEBI,4,DG,GX,
Fall,S4,BNSH,R4_2,RES,23,2022-01-07,OEBI,1,GX,GX,
Fall,S4,BNSH,R4_2,RES,3,2022-01-12,OEBI,1,DG,DG,
Fall,S4,BNSH,R4_2,RES,15,2022-03-17,OEBI,3,GX,,
Fall,S4,BRIM,M4_3,MOW,11,2021-12-13,OEBI,1,GX,GX,
Fall,S4,BRIM,M4_3,MOW,3,2021-12-13,OEBI,24,DG,DG,
Fall,S4,BRIM,M4_3,MOW,11,2021-12-17,OEBI,4,DG,GX,
Fall,S4,BRIM,M4_3,MOW,23,2021-12-17,OEBI,14,DG,GX,
Fall,S4,BRIM,M4_3,MOW,13,2021-12-20,OEBI,2,GX,GX,
Fall,S4,BRIM,M4_3,MOW,23,2021-12-20,OEBI,1,GX,GX,
Fall,S4,BRIM,M4_3,MOW,15,2021-12-20,OEBI,5,GX,GX,
Fall,S4,BRIM,M4_3,MOW,3,2021-12-20,OEBI,7,GX,GX,
Fall,S4,BRIM,M4_3,MOW,1,2021-12-23,OEBI,1,GX,GX,
Fall,S4,BRIM,M4_3,MOW,21,2021-12-23,OEBI,31,GX,GX,
Fall,S4,BRIM,M4_3,MOW,15,2021-12-27,OEBI,2,GX,GX,
Fall,S4,BRIM,M4_3,MOW,25,2021-12-27,OEBI,3,GX,GX,
Fall,S4,BRIM,M4_3,MOW,21,2021-12-31,OEBI,1,GX,GX,
Fall,S4,BRIM,M4_3,MOW,21,2021-12-31,OEBI,10,GX,GX,
Fall,S4,BRIM,M4_3,MOW,23,2021-12-31,OEBI,1,GX,GX,
Fall,S4,BRIM,M4_3,MOW,1,2022-01-04,OEBI,1,GX,GX,
Fall,S4,BRIM,M4_3,MOW,21,2022-01-07,OEBI,7,GX,GX,
Fall,S4,BRIM,M4_3,MOW,25,2022-01-07,OEBI,1,GX,GX,
Fall,S4,BRIM,M4_3,MOW,1,2022-01-10,OEBI,3,GX,GX,
Fall,S4,BRIM,M4_3,MOW,25,2021-12-21,OEBI,13,DG,DG,
Fall,S4,BRIM,M4_3,MOW,1,2021-12-21,OEBI,17,DG,DG,
Fall,S4,BRIM,M4_3,MOW,21,2022-01-24,OEBI,1,DG,DG,
Fall,S4,BRIM,M4_3,MOW,25,2022-01-24,OEBI,1,DG,DG,
Fall,S4,BRIM,M4_3,MOW,3,2022-02-23,OEBI,1,GX,GX,
Fall,S4,BRIM,M4_3,MOW,23,2022-03-02,OEBI,1,DG,DG,
Fall,S4,BRIM,M4_3,MOW,11,2022-03-02,OEBI,1,DG,DG,
Fall,S4,BRIM,M4_3,MOW,23,2022-03-17,OEBI,1,GX,,
Fall,S4,DAVE,R4_3,RES,23,2021-12-13,OEBI,2,GX,GX,
Fall,S4,DAVE,R4_3,RES,3,2021-12-20,OEBI,1,GX,GX,
Fall,S4,DAVE,R4_3,RES,25,2021-12-20,OEBI,2,GX,GX,
Fall,S4,DAVE,R4_3,RES,11,2021-12-20,OEBI,3,GX,GX,
Fall,S4,DAVE,R4_3,RES,15,2021-12-20,OEBI,1,GX,GX,
Fall,S4,DAVE,R4_3,RES,11,2021-12-23,OEBI,2,GX,GX,
Fall,S4,DAVE,R4_3,RES,13,2021-12-23,OEBI,2,GX,GX,
Fall,S4,DAVE,R4_3,RES,1,2021-12-27,OEBI,5,GX,GX,
Fall,S4,DAVE,R4_3,RES,3,2021-12-31,OEBI,1,GX,GX,
Fall,S4,DAVE,R4_3,RES,11,2022-01-04,OEBI,2,GX,GX,
Fall,S4,DVAG,M4_2,MOW,3,2021-12-20,OEBI,4,GX,GX,
Fall,S4,DVAG,M4_2,MOW,5,2021-12-23,OEBI,1,GX,GX,
Fall,S4,DVAG,M4_2,MOW,21,2021-12-23,OEBI,2,GX,GX,
Fall,S4,DVAG,M4_2,MOW,13,2021-12-23,OEBI,1,GX,GX,
Fall,S4,DVAG,M4_2,MOW,15,2021-12-23,OEBI,5,GX,GX,
Fall,S4,DVAG,M4_2,MOW,23,2021-12-31,OEBI,1,GX,GX,
Fall,S4,DVAG,M4_2,MOW,25,2022-01-07,OEBI,1,GX,GX,
Fall,S4,DVAG,M4_2,MOW,11,2021-12-21,OEBI,6,DG,DG,
Fall,S4,DVAG,M4_2,MOW,3,2022-02-09,OEBI,1,GX,GX,
Fall,S4,DVAG,M4_2,MOW,11,2022-03-17,OEBI,1,MT,GX,could also be EUGR
Fall,S4,GRNB,R4_1,RES,3,2021-12-13,OEBI,1,GX,GX,
Fall,S4,GRNB,R4_1,RES,23,2021-12-13,OEBI,6,DG,DG,
Fall,S4,GRNB,R4_1,RES,15,2021-12-20,OEBI,1,GX,GX,
Fall,S4,GRNB,R4_1,RES,23,2022-03-17,OEBI,1,DG,GX,
Fall,S2,KENN,T2_3,TIL,3,2021-12-13,OEBI,9,GX,GX,
Fall,S2,KENN,T2_3,TIL,13,2021-12-13,OEBI,6,DG,DG,
Fall,S2,KENN,T2_3,TIL,23,2021-12-13,OEBI,3,DG,DG,
Fall,S2,KENN,T2_3,TIL,21,2021-12-13,OEBI,18,DG,DG,
Fall,S2,KENN,T2_3,TIL,25,2021-12-13,OEBI,12,DG,DG,
Fall,S2,KENN,T2_3,TIL,11,2021-12-20,OEBI,7,GX,GX,
Fall,S2,KENN,T2_3,TIL,1,2021-12-20,OEBI,1,GX,GX,
Fall,S2,KENN,T2_3,TIL,25,2021-12-23,OEBI,1,GX,GX,
Fall,S2,KENN,T2_3,TIL,21,2022-02-28,OEBI,2,DG,DG,
Fall,S2,KENN,T2_3,TIL,11,2022-02-28,OEBI,9,DG,DG,
Fall,S2,KENN,T2_3,TIL,23,2022-02-28,OEBI,1,DG,DG,
Fall,S2,KENN,T2_3,TIL,21,2022-03-17,OEBI,2,DG,GX,
Fall,S2,KENN,T2_3,TIL,11,2022-03-17,OEBI,3,DG,GX,
Fall,S2,KENN,T2_3,TIL,23,2022-03-17,OEBI,1,DG,GX,
Fall,S2,TIMH,T2_2,TIL,1,2021-12-13,OEBI,2,GX,GX,
Fall,S2,TIMH,T2_2,TIL,5,2021-12-03,OEBI,37,DG,DG,
Fall,S2,TIMH,T2_2,TIL,5,2021-12-20,OEBI,3,GX,GX,
Fall,S2,TIMH,T2_2,TIL,15,2021-12-13,OEBI,2,GX,GX,
Fall,S2,TIMH,T2_2,TIL,15,2021-12-20,OEBI,3,GX,GX,"Originally labelled as ""S4 + RES"" but changed to ""S2 + TIL"" (GX)"
Fall,S2,TIMH,T2_2,TIL,15,2022-02-23,OEBI,1,GX,GX,
Fall,S2,TIMH,T2_2,TIL,3,2022-03-17,OEBI,1,DG,GX,
Fall,S2,VICP,T2_1,TIL,21,2021-12-13,OEBI,24,DG,DG,
Fall,S2,VICP,T2_1,TIL,21,2022-03-17,OEBI,1,DG,GX,
Fall,S4,AMBJ,M4_1,MOW,3,2022-01-04,OXST,2,GX,GX,
Fall,S4,AMBJ,M4_1,MOW,11,2022-02-07,OXST,1,DG,DG,
Fall,S4,AMBJ,M4_1,MOW,5,2022-02-04,OXST,1,DG,GX,
Fall,S4,AMBJ,M4_1,MOW,21,2022-02-04,OXST,1,DG,GX,
Fall,S4,AMBJ,M4_1,MOW,3,2022-02-23,OXST,10,GX,GX,
Fall,S4,AMBJ,M4_1,MOW,23,2022-03-17,OXST,1,MT,GX,
Fall,S4,AMBJ,M4_1,MOW,3,2022-03-17,OXST,4,MT,GX,
Fall,S4,AMBJ,M4_1,MOW,21,2022-03-17,OXST,2,DG,GX,
Fall,S4,AMBJ,M4_1,MOW,13,2022-03-17,OXST,1,DG,GX,
Fall,S4,AMBJ,M4_1,MOW,11,2022-03-17,OXST,2,DG,GX,
Fall,S4,BNSH,R4_2,RES,1,2022-02-18,OXST,1,GX,GX,
Fall,S4,BNSH,R4_2,RES,15,2022-03-17,OXST,1,GX,,
Fall,S4,BNSH,R4_2,RES,5,2022-03-17,OXST,1,DG,GX,
Fall,S4,BNSH,R4_2,RES,15,2022-03-17,OXST,1,DG,GX,
Fall,S4,BRIM,M4_3,MOW,3,2022-01-12,OXST,1,DG,DG,
Fall,S4,BRIM,M4_3,MOW,15,2022-01-24,OXST,1,DG,DG,
Fall,S4,BRIM,M4_3,MOW,3,2022-02-04,OXST,2,DG,GX,
Fall,S4,BRIM,M4_3,MOW,13,2022-02-04,OXST,1,DG,GX,
Fall,S4,BRIM,M4_3,MOW,23,2022-02-04,OXST,1,DG,GX,
Fall,S4,DAVE,R4_3,RES,11,2022-01-04,OXST,1,GX,GX,
Fall,S4,DAVE,R4_3,RES,25,2022-01-24,OXST,1,DG,DG,
Fall,S4,DAVE,R4_3,RES,15,2022-02-09,OXST,1,DG,GX,
Fall,S4,DAVE,R4_3,RES,1,2022-02-23,OXST,1,GX,GX,
Fall,S4,DAVE,R4_3,RES,23,2022-03-02,OXST,1,DG,DG,
Fall,S4,DAVE,R4_3,RES,1,2022-03-17,OXST,1,DG,GX,
Fall,S4,DAVE,R4_3,RES,3,2022-03-17,OXST,1,DG,GX,
Fall,S4,DAVE,R4_3,RES,15,2022-03-17,OXST,1,DG,GX,
Fall,S4,DVAG,M4_2,MOW,1,2021-12-31,OXST,1,GX,GX,
Fall,S4,DVAG,M4_2,MOW,15,2022-01-04,OXST,1,GX,GX,
Fall,S4,DVAG,M4_2,MOW,3,2022-01-07,OXST,1,GX,GX,
Fall,S4,DVAG,M4_2,MOW,1,2022-01-10,OXST,1,GX,GX,
Fall,S4,DVAG,M4_2,MOW,11,2022-01-12,OXST,1,DG,DG,
Fall,S4,DVAG,M4_2,MOW,11,2022-01-24,OXST,1,DG,DG,
Fall,S4,DVAG,M4_2,MOW,13,2022-01-24,OXST,2,DG,DG,
Fall,S4,DVAG,M4_2,MOW,25,2022-01-24,OXST,1,DG,DG,
Fall,S4,DVAG,M4_2,MOW,1,2022-02-09,OXST,1,DG,GX,
Fall,S4,DVAG,M4_2,MOW,3,2022-02-09,OXST,1,GX,GX,
Fall,S4,DVAG,M4_2,MOW,11,2022-02-09,OXST,5,GX,GX,
Fall,S4,DVAG,M4_2,MOW,13,2022-02-23,OXST,3,GX,GX,
Fall,S4,DVAG,M4_2,MOW,1,2022-02-28,OXST,1,DG,DG,
Fall,S4,DVAG,M4_2,MOW,25,2022-03-17,OXST,2,MT,GX,
Fall,S4,DVAG,M4_2,MOW,3,2022-03-17,OXST,1,MT,GX,
Fall,S4,DVAG,M4_2,MOW,11,2022-03-17,OXST,1,MT,GX,
Fall,S4,DVAG,M4_2,MOW,25,2022-03-17,OXST,4,DG,GX,
Fall,S4,GRNB,R4_1,RES,5,2022-02-07,OXST,1,DG,DG,
Fall,S4,GRNB,R4_1,RES,25,2022-02-23,OXST,2,GX,GX,
Fall,S4,GRNB,R4_1,RES,5,2022-02-23,OXST,1,GX,GX,
Fall,S4,GRNB,R4_1,RES,13,2022-02-23,OXST,3,GX,GX,
Fall,S4,GRNB,R4_1,RES,11,2022-02-23,OXST,1,DG,DG,
Fall,S4,GRNB,R4_1,RES,15,2022-03-02,OXST,1,DG,DG,
Fall,S4,GRNB,R4_1,RES,3,2022-03-17,OXST,2,MT,GX,
Fall,S4,GRNB,R4_1,RES,5,2022-03-17,OXST,1,MT,GX,
Fall,S2,KENN,T2_3,TIL,15,2021-12-31,OXST,1,GX,GX,
Fall,S2,KENN,T2_3,TIL,13,2022-02-09,OXST,1,DG,GX,
Fall,S2,KENN,T2_3,TIL,11,2022-02-28,OXST,1,DG,DG,
Fall,S2,KENN,T2_3,TIL,15,2022-02-28,OXST,4,DG,DG,
Fall,S2,KENN,T2_3,TIL,15,2022-03-17,OXST,2,GX,,
Fall,S2,KENN,T2_3,TIL,21,2022-03-17,OXST,3,DG,GX,
Fall,S2,KENN,T2_3,TIL,23,2022-03-17,OXST,4,DG,GX,
Fall,S2,TIMH,T2_2,TIL,5,2021-12-20,OXST,11,GX,GX,
Fall,S2,TIMH,T2_2,TIL,21,2022-02-04,OXST,6,DG,GX,
Fall,S2,TIMH,T2_2,TIL,23,2022-02-04,OXST,7,DG,GX,
Fall,S2,TIMH,T2_2,TIL,11,2022-02-23,OXST,14,GX,GX,
Fall,S2,TIMH,T2_2,TIL,1,2022-02-23,OXST,8,GX,GX,
Fall,S2,TIMH,T2_2,TIL,15,2022-02-23,OXST,1,GX,GX,
Fall,S2,TIMH,T2_2,TIL,13,2022-02-23,OXST,2,GX,GX,
Fall,S2,TIMH,T2_2,TIL,1,2022-02-14,OXST,11,DG,DG,
Fall,S2,TIMH,T2_2,TIL,25,2022-02-23,OXST,1,DG,DG,
Fall,S2,TIMH,T2_2,TIL,21,2022-02-28,OXST,14,DG,DG,
Fall,S2,TIMH,T2_2,TIL,23,2022-02-28,OXST,14,DG,DG,
Fall,S2,TIMH,T2_2,TIL,13,2022-02-28,OXST,2,DG,DG,
Fall,S2,TIMH,T2_2,TIL,15,2022-02-28,OXST,1,DG,DG,
Fall,S2,TIMH,T2_2,TIL,25,2022-03-17,OXST,1,GX,,
Fall,S2,TIMH,T2_2,TIL,13,2022-03-17,OXST,5,GX,,
Fall,S2,TIMH,T2_2,TIL,11,2022-03-17,OXST,36,GX,,
Fall,S4,TIMH,T2_2,TIL,1,2022-03-17,OXST,2,MT,GX,
Fall,S2,TIMH,T2_2,TIL,23,2022-03-17,OXST,7,DG,GX,
Fall,S2,TIMH,T2_2,TIL,21,2022-03-17,OXST,3,DG,GX,
Fall,S2,TIMH,T2_2,TIL,15,2022-03-17,OXST,1,DG,GX,
Fall,S2,VICP,T2_1,TIL,11,2022-02-28,OXST,1,DG,DG,
Fall,S2,VICP,T2_1,TIL,11,2022-03-17,OXST,8,GX,,
Fall,S2,VICP,T2_1,TIL,3,2022-03-17,OXST,1,DG,GX,
Fall,S4,AMBJ,M4_1,MOW,25,2022-02-04,PACA,1,GX,GX,
Fall,S4,DAVE,R4_3,RES,15,2022-02-04,PACA,1,GX,GX,
Fall,S4,GRNB,R4_1,RES,5,2022-02-04,PACA,1,GX,GX,
Fall,S4,AMBJ,M4_1,MOW,23,2022-02-04,PAVI,2,GX,GX,
Fall,S4,DVAG,M4_2,MOW,3,2022-02-07,PEMU,1,DG,DG,
Fall,S2,TIMH,T2_2,TIL,5,2022-02-07,PEMU,1,DG,DG,PERSICARIA MACULOSA
Fall,S2,TIMH,T2_2,TIL,13,2022-02-23,PEMU,7,GX,GX,
Fall,S2,TIMH,T2_2,TIL,13,2022-02-28,PEMU,2,DG,DG,"Persicaria Maculosa; Originally labelled as ""PEMA"" but relabeled to ""PEMU"" (GX)"
Fall,S2,TIMH,T2_2,TIL,5,2022-02-28,PEMU,2,DG,DG,"Originally labelled as ""PEMA"" but relabeled to ""PEMU"" (GX)"
Fall,S2,TIMH,T2_2,TIL,13,2022-03-17,PEMU,10,GX,,
Fall,S2,TIMH,T2_2,TIL,11,2022-03-17,PEMU,3,GX,,
Fall,S2,TIMH,T2_2,TIL,15,2022-03-17,PEMU,1,DG,GX,
Fall,S4,DVAG,M4_2,MOW,13,2022-01-07,PIEC,1,GX,GX,bristly oxtongue (GX)
Fall,S4,BRIM,M4_3,MOW,1,2022-02-02,PIHI,1,DG,DG,PICRIS HIERCOIDES
Fall,S4,AMBJ,M4_1,MOW,21,2022-02-04,PLMA,1,DG,GX,
Fall,S4,BNSH,R4_2,RES,25,2022-01-12,PLMA,6,DG,DG,
Fall,S4,DAVE,R4_3,RES,13,2022-02-07,PLMA,1,DG,DG,
Fall,S4,DVAG,M4_2,MOW,3,2022-01-12,PLMA,2,DG,DG,PLANTAGO MAJOR
Fall,S2,KENN,T2_3,TIL,5,2022-02-09,PLMA,1,DG,GX,
Fall,S2,TIMH,T2_2,TIL,3,2022-01-24,PLMA,30,DG,DG,"was also surprised, mainly juveniles and 3-4 large specimens"
Fall,S2,TIMH,T2_2,TIL,3,2022-02-04,PLMA,3,DG,GX,
Fall,S2,VICP,T2_1,TIL,25,2022-02-28,PLMA,1,DG,DG,
Fall,S2,VICP,T2_1,TIL,23,2022-03-17,PLMA,1,DG,GX,
Fall,S4,AMBJ,M4_1,MOW,11,2022-01-10,POAR,1,GX,GX,
Fall,S4,BNSH,R4_2,RES,5,2022-03-17,POAR,1,DG,GX,
Fall,S4,BRIM,M4_3,MOW,3,2022-01-12,POAR,11,DG,DG,
Fall,S4,BRIM,M4_3,MOW,3,2022-03-17,POAR,1,MT,GX,
Fall,S4,DAVE,R4_3,RES,23,2022-01-07,POAR,1,GX,GX,
Fall,S4,DAVE,R4_3,RES,3,2022-01-10,POAR,1,GX,GX,
Fall,S4,DVAG,M4_2,MOW,13,2022-01-07,POAR,1,GX,GX,
Fall,S4,DVAG,M4_2,MOW,23,2022-01-07,POAR,2,GX,GX,
Fall,S4,DVAG,M4_2,MOW,25,2022-03-17,POAR,1,DG,GX,
Fall,S4,GRNB,R4_1,RES,23,2022-01-04,POAR,3,GX,GX,silverleaf cinquefoil (GX)
Fall,S2,TIMH,T2_2,TIL,5,2021-12-27,POAV,2,GX,GX,polygonum aviculare (GX)
Fall,S2,TIMH,T2_2,TIL,5,2022-01-04,POAV,1,GX,GX,
Fall,S2,TIMH,T2_2,TIL,13,2022-01-07,POAV,1,GX,GX,
Fall,S2,TIMH,T2_2,TIL,15,2021-12-20,POAV,3,GX,GX,"polygonum aviculare; Originally labelled as ""S4 + RES"" but changed to ""S2 + TIL"" (GX)"
Fall,S4,AMBJ,M4_1,MOW,25,2022-02-04,PONO,1,DG,GX,
Fall,S4,AMBJ,M4_1,MOW,21,2022-02-04,PONO,2,DG,GX,
Fall,S4,AMBJ,M4_1,MOW,1,2022-03-17,PONO,1,MT,GX,"Originally labelled as ""PONE"" but relabeled to ""PONO"" (GX)"
Fall,S4,BRIM,M4_3,MOW,11,2022-01-04,PONO,27,GX,GX,
Fall,S4,BRIM,M4_3,MOW,11,2022-01-12,PONO,47,DG,DG,
Fall,S4,BRIM,M4_3,MOW,1,2022-02-02,PONO,1,DG,DG,
Fall,S4,BRIM,M4_3,MOW,21,2022-01-24,PONO,1,DG,DG,
Fall,S4,BRIM,M4_3,MOW,11,2022-02-23,PONO,16,GX,GX,"Originally labeled as ""PONE"" but relabeled as ""PONO"" (GX)"
Fall,S4,BRIM,M4_3,MOW,11,2022-03-02,PONO,100,DG,DG,
Fall,S4,BRIM,M4_3,MOW,11,2022-03-02,PONO,100,DG,DG,
Fall,S4,BRIM,M4_3,MOW,11,2022-03-02,PONO,87,DG,DG,
Fall,S4,BRIM,M4_3,MOW,11,2022-03-17,PONO,134,DG,GX,"Originally labelled as ""PONE"" but relabeled to ""PONO"" (GX)"
Fall,S4,DAVE,R4_3,RES,23,2022-01-24,PONO,1,DG,DG,
Fall,S4,DAVE,R4_3,RES,15,2022-01-24,PONO,1,DG,DG,
Fall,S4,DAVE,R4_3,RES,23,2022-03-02,PONO,3,DG,DG,
Fall,S4,DAVE,R4_3,RES,23,2022-03-17,PONO,4,GX,GX,"Originally labeled as ""PONE"" but relabeled as ""PONO"" (GX)"
Fall,S4,DVAG,M4_2,MOW,25,2022-03-17,PONO,1,GX,GX,"Originally labeled as ""PONE"" but relabeled as ""PONO"" (GX)"
Fall,S4,GRNB,R4_1,RES,25,2022-02-23,PONO,1,GX,GX,"Originally labeled as ""PONE"" but relabeled as ""PONO"" (GX)"
Fall,S2,VICP,T2_1,TIL,15,2022-01-12,PONO,2,DG,DG,
Fall,S4,AMBJ,M4_1,MOW,1,2022-01-04,POOL,1,GX,GX,
Fall,S4,BNSH,R4_2,RES,23,2021-12-13,POOL,1,DG,DG,PORTULACA OLERACEA
Fall,S4,BNSH,R4_2,RES,11,2022-01-10,POOL,1,GX,GX,
Fall,S4,BNSH,R4_2,RES,11,2021-12-21,POOL,6,DG,DG,
Fall,S4,BNSH,R4_2,RES,11,2022-02-07,POOL,1,DG,DG,
Fall,S4,BNSH,R4_2,RES,11,2022-01-24,POOL,2,DG,DG,
Fall,S4,DVAG,M4_2,MOW,25,2022-03-17,POOL,1,MT,GX,
Fall,S2,TIMH,T2_2,TIL,5,2022-01-04,POOL,1,GX,GX,
Fall,S2,TIMH,T2_2,TIL,3,2022-03-17,POOL,1,DG,GX,
Fall,S4,AMBJ,M4_1,MOW,5,2022-02-04,PORE,1,DG,GX,
Fall,S4,BRIM,M4_3,MOW,23,2022-02-04,PORE,3,DG,GX,
Fall,S4,DAVE,R4_3,RES,25,2022-01-24,PORE,1,DG,DG,
Fall,S4,DAVE,R4_3,RES,1,2022-01-24,PORE,1,DG,DG,
Fall,S4,DAVE,R4_3,RES,5,2022-02-09,PORE,1,GX,GX,
Fall,S4,DVAG,M4_2,MOW,11,2022-01-24,PORE,1,DG,DG,
Fall,S4,DVAG,M4_2,MOW,13,2022-01-24,PORE,3,DG,DG,
Fall,S4,DVAG,M4_2,MOW,25,2022-01-24,PORE,4,DG,DG,
Fall,S4,DVAG,M4_2,MOW,1,2022-02-28,PORE,1,DG,DG,
Fall,S4,GRNB,R4_1,RES,3,2022-02-04,PORE,1,DG,GX,
Fall,S2,TIMH,T2_2,TIL,1,2022-02-28,PORE,2,DG,DG,
Fall,S4,AMBJ,M4_1,MOW,3,2022-02-04,PYTE,1,GX,GX,"mint; originally labelled as ""PYVI"" but relabeled as ""PYTE"" (GX)"
Fall,S4,BNSH,R4_2,RES,13,2022-02-28,PYTE,2,DG,DG,"Virginia Mtn Mint; originally labelled as ""PYVI"" but relabeled as ""PYTE"" (GX)"
Fall,S4,BNSH,R4_2,RES,3,2022-03-02,PYTE,1,DG,DG,"Originally labeled as ""PYTI"" but relabeled as ""PYTE"" (GX)"
Fall,S4,BNSH,R4_2,RES,15,2022-03-17,PYTE,1,DG,GX,
Fall,S4,DAVE,R4_3,RES,5,2022-02-28,PYTE,2,DG,DG,"originally labelled as ""PYVI"" but relabeled as ""PYTE"" (GX)"
Fall,S2,VICP,T2_1,TIL,3,2022-02-28,PYTE,2,DG,DG,"Originally labeled as ""PYTI"" but relabeled as ""PYTE"" (GX)"
Fall,S2,KENN,T2_3,TIL,3,2022-02-02,RARA,1,DG,DG,
Fall,S4,DVAG,M4_2,MOW,1,2022-03-17,RUAL,1,DG,GX,Rubus allegheniesis (DG)
Fall,S4,AMBJ,M4_1,MOW,13,2022-02-07,RUCR,2,DG,DG,
Fall,S4,AMBJ,M4_1,MOW,13,2022-02-07,RUCR,1,DG,DG,
Fall,S4,AMBJ,M4_1,MOW,13,2022-02-09,RUCR,1,GX,GX,
Fall,S4,AMBJ,M4_1,MOW,13,2022-02-23,RUCR,1,DG,DG,
Fall,S4,AMBJ,M4_1,MOW,25,2022-03-17,RUCR,1,MT,GX,
Fall,S4,AMBJ,M4_1,MOW,13,2022-03-17,RUCR,1,DG,GX,
Fall,S4,BNSH,R4_2,RES,11,2022-01-04,RUCR,6,GX,GX,
Fall,S4,BNSH,R4_2,RES,21,2022-01-04,RUCR,1,GX,GX,
Fall,S4,BNSH,R4_2,RES,3,2022-01-07,RUCR,1,GX,GX,
Fall,S4,BNSH,R4_2,RES,21,2022-01-10,RUCR,1,GX,GX,
Fall,S4,BNSH,R4_2,RES,11,2021-12-21,RUCR,29,DG,DG,RUMEX CRISPUS
Fall,S4,BNSH,R4_2,RES,21,2021-12-21,RUCR,9,DG,DG,
Fall,S4,BNSH,R4_2,RES,11,2022-02-07,RUCR,3,DG,DG,
Fall,S4,BNSH,R4_2,RES,21,2022-01-24,RUCR,4,DG,DG,
Fall,S4,BNSH,R4_2,RES,11,2022-01-24,RUCR,3,DG,DG,
Fall,S4,BNSH,R4_2,RES,21,2022-02-04,RUCR,9,DG,GX,
Fall,S4,BNSH,R4_2,RES,11,2022-02-23,RUCR,11,DG,DG,
Fall,S4,BNSH,R4_2,RES,21,2022-02-28,RUCR,4,DG,DG,
Fall,S4,BNSH,R4_2,RES,21,2022-03-17,RUCR,5,DG,GX,
Fall,S4,BNSH,R4_2,RES,21,2022-03-17,RUCR,8,DG,GX,
Fall,S4,BNSH,R4_2,RES,11,2022-03-17,RUCR,3,DG,GX,
Fall,S4,BRIM,M4_3,MOW,21,2022-02-07,RUCR,1,DG,DG,
Fall,S4,BRIM,M4_3,MOW,3,2022-02-04,RUCR,2,DG,GX,
Fall,S4,BRIM,M4_3,MOW,13,2022-02-04,RUCR,1,DG,GX,
Fall,S4,BRIM,M4_3,MOW,15,2022-03-17,RUCR,3,GX,,
Fall,S4,BRIM,M4_3,MOW,3,2022-03-17,RUCR,1,MT,GX,
Fall,S4,DVAG,M4_2,MOW,3,2022-01-07,RUCR,12,GX,GX,
Fall,S4,DVAG,M4_2,MOW,1,2022-01-07,RUCR,1,GX,GX,
Fall,S4,DVAG,M4_2,MOW,3,2022-02-02,RUCR,3,DG,DG,
Fall,S4,DVAG,M4_2,MOW,3,2022-02-09,RUCR,1,GX,GX,
Fall,S4,DVAG,M4_2,MOW,15,2022-02-23,RUCR,1,GX,GX,
Fall,S4,DVAG,M4_2,MOW,1,2022-02-28,RUCR,1,DG,DG,
Fall,S4,DVAG,M4_2,MOW,3,2022-03-17,RUCR,1,MT,GX,
Fall,S4,GRNB,R4_1,RES,5,2022-01-04,RUCR,1,GX,GX,
Fall,S4,GRNB,R4_1,RES,5,2022-01-10,RUCR,1,GX,GX,
Fall,S4,GRNB,R4_1,RES,5,2022-02-07,RUCR,2,DG,DG,
Fall,S2,TIMH,T2_2,TIL,3,2022-01-04,RUCR,3,GX,GX,
Fall,S2,TIMH,T2_2,TIL,3,2022-02-04,RUCR,2,DG,GX,
Fall,S2,TIMH,T2_2,TIL,3,2022-02-28,RUCR,1,DG,DG,
Fall,S4,AMBJ,M4_1,MOW,11,2021-12-17,RUHI,7,DG,GX,
Fall,S4,AMBJ,M4_1,MOW,3,2021-12-23,RUHI,6,GX,GX,
Fall,S4,AMBJ,M4_1,MOW,21,2021-12-23,RUHI,9,GX,GX,
Fall,S4,AMBJ,M4_1,MOW,23,2021-12-23,RUHI,3,GX,GX,
Fall,S4,AMBJ,M4_1,MOW,13,2021-12-27,RUHI,1,GX,GX,
Fall,S4,AMBJ,M4_1,MOW,3,2021-12-27,RUHI,4,GX,GX,
Fall,S4,AMBJ,M4_1,MOW,5,2021-12-31,RUHI,6,GX,GX,
Fall,S4,AMBJ,M4_1,MOW,15,2021-12-31,RUHI,3,GX,GX,
Fall,S4,AMBJ,M4_1,MOW,11,2021-12-31,RUHI,1,GX,GX,
Fall,S4,AMBJ,M4_1,MOW,5,2022-01-04,RUHI,1,GX,GX,
Fall,S4,AMBJ,M4_1,MOW,1,2022-01-04,RUHI,1,GX,GX,
Fall,S4,AMBJ,M4_1,MOW,25,2022-01-04,RUHI,3,GX,GX,
Fall,S4,AMBJ,M4_1,MOW,21,2022-01-04,RUHI,2,GX,GX,
Fall,S4,AMBJ,M4_1,MOW,23,2022-02-28,RUHI,1,DG,DG,
Fall,S4,AMBJ,M4_1,MOW,3,2022-03-17,RUHI,1,MT,GX,
Fall,S4,AMBJ,M4_1,MOW,21,2022-03-17,RUHI,1,DG,GX,
Fall,S4,BNSH,R4_2,RES,15,2021-12-13,RUHI,8,DG,DG,RUDBECKIA HIRTA
Fall,S4,BNSH,R4_2,RES,25,2021-12-13,RUHI,4,DG,DG,
Fall,S4,BNSH,R4_2,RES,23,2021-12-13,RUHI,7,DG,DG,
Fall,S4,BNSH,R4_2,RES,5,2021-12-17,RUHI,15,DG,GX,
Fall,S4,BNSH,R4_2,RES,1,2021-12-20,RUHI,3,GX,GX,
Fall,S4,BNSH,R4_2,RES,21,2021-12-27,RUHI,2,GX,GX,
Fall,S4,BNSH,R4_2,RES,11,2021-12-31,RUHI,1,GX,GX,
Fall,S4,BNSH,R4_2,RES,23,2021-12-31,RUHI,3,GX,GX,
Fall,S4,BNSH,R4_2,RES,13,2021-12-31,RUHI,3,GX,GX,
Fall,S4,BNSH,R4_2,RES,15,2021-12-31,RUHI,2,GX,GX,
Fall,S4,BNSH,R4_2,RES,3,2021-12-31,RUHI,8,GX,GX,
Fall,S4,BNSH,R4_2,RES,5,2022-01-04,RUHI,1,GX,GX,
Fall,S4,BNSH,R4_2,RES,23,2022-02-04,RUHI,1,DG,GX,
Fall,S4,BNSH,R4_2,RES,13,2022-02-28,RUHI,1,DG,DG,
Fall,S4,BNSH,R4_2,RES,1,2022-03-17,RUHI,1,GX,,
Fall,S4,BRIM,M4_3,MOW,3,2021-12-13,RUHI,50,DG,DG,
Fall,S4,BRIM,M4_3,MOW,11,2021-12-17,RUHI,29,DG,GX,
Fall,S4,BRIM,M4_3,MOW,23,2021-12-17,RUHI,16,DG,GX,
Fall,S4,BRIM,M4_3,MOW,21,2021-12-23,RUHI,43,GX,GX,
Fall,S4,BRIM,M4_3,MOW,15,2021-12-27,RUHI,27,GX,GX,
Fall,S4,BRIM,M4_3,MOW,11,2021-12-27,RUHI,5,GX,GX,
Fall,S4,BRIM,M4_3,MOW,3,2021-12-27,RUHI,25,GX,GX,
Fall,S4,BRIM,M4_3,MOW,25,2021-12-27,RUHI,13,GX,GX,
Fall,S4,BRIM,M4_3,MOW,13,2021-12-31,RUHI,34,GX,GX,
Fall,S4,BRIM,M4_3,MOW,1,2021-12-31,RUHI,16,GX,GX,
Fall,S4,BRIM,M4_3,MOW,21,2021-12-31,RUHI,41,GX,GX,
Fall,S4,BRIM,M4_3,MOW,23,2021-12-31,RUHI,8,GX,GX,
Fall,S4,BRIM,M4_3,MOW,11,2022-01-04,RUHI,2,GX,GX,
Fall,S4,BRIM,M4_3,MOW,21,2022-01-07,RUHI,10,GX,GX,
Fall,S4,BRIM,M4_3,MOW,25,2022-01-07,RUHI,2,GX,GX,
Fall,S4,BRIM,M4_3,MOW,11,2022-01-10,RUHI,1,GX,GX,
Fall,S4,BRIM,M4_3,MOW,25,2021-12-21,RUHI,62,DG,DG,
Fall,S4,BRIM,M4_3,MOW,1,2021-12-21,RUHI,48,DG,DG,
Fall,S4,BRIM,M4_3,MOW,21,2022-02-07,RUHI,2,DG,DG,
Fall,S4,BRIM,M4_3,MOW,1,2022-02-02,RUHI,1,DG,DG,
Fall,S4,BRIM,M4_3,MOW,21,2022-01-24,RUHI,6,DG,DG,
Fall,S4,BRIM,M4_3,MOW,15,2022-01-24,RUHI,3,DG,DG,
Fall,S4,BRIM,M4_3,MOW,13,2022-01-24,RUHI,3,DG,DG,
Fall,S4,BRIM,M4_3,MOW,23,2022-02-09,RUHI,2,DG,GX,
Fall,S4,BRIM,M4_3,MOW,3,2022-02-04,RUHI,6,DG,GX,
Fall,S4,BRIM,M4_3,MOW,13,2022-02-23,RUHI,1,GX,GX,
Fall,S4,DAVE,R4_3,RES,25,2021-12-17,RUHI,26,DG,GX,
Fall,S4,DAVE,R4_3,RES,3,2021-12-17,RUHI,4,DG,GX,
Fall,S4,DAVE,R4_3,RES,15,2021-12-20,RUHI,3,GX,GX,
Fall,S4,DAVE,R4_3,RES,11,2021-12-23,RUHI,21,GX,GX,
Fall,S4,DAVE,R4_3,RES,23,2021-12-23,RUHI,6,GX,GX,
Fall,S4,DAVE,R4_3,RES,11,2021-12-27,RUHI,54,GX,GX,
Fall,S4,DAVE,R4_3,RES,1,2021-12-27,RUHI,1,GX,GX,
Fall,S4,DAVE,R4_3,RES,13,2021-12-27,RUHI,9,GX,GX,
Fall,S4,DAVE,R4_3,RES,25,2021-12-31,RUHI,5,GX,GX,
Fall,S4,DAVE,R4_3,RES,5,2021-12-31,RUHI,2,GX,GX,
Fall,S4,DAVE,R4_3,RES,3,2021-12-31,RUHI,2,GX,GX,
Fall,S4,DAVE,R4_3,RES,25,2022-01-04,RUHI,5,GX,GX,
Fall,S4,DAVE,R4_3,RES,11,2022-01-04,RUHI,11,GX,GX,
Fall,S4,DAVE,R4_3,RES,13,2022-01-07,RUHI,1,GX,GX,
Fall,S4,DAVE,R4_3,RES,1,2022-01-07,RUHI,1,GX,GX,
Fall,S4,DAVE,R4_3,RES,13,2022-02-07,RUHI,2,DG,DG,
Fall,S4,DAVE,R4_3,RES,11,2022-01-24,RUHI,1,DG,DG,
Fall,S4,DAVE,R4_3,RES,25,2022-03-17,RUHI,1,GX,,
Fall,S4,DVAG,M4_2,MOW,21,2021-12-23,RUHI,6,GX,GX,
Fall,S4,DVAG,M4_2,MOW,13,2021-12-23,RUHI,27,GX,GX,
Fall,S4,DVAG,M4_2,MOW,5,2021-12-27,RUHI,7,GX,GX,
Fall,S4,DVAG,M4_2,MOW,11,2021-12-27,RUHI,20,GX,GX,
Fall,S4,DVAG,M4_2,MOW,3,2021-12-31,RUHI,42,GX,GX,
Fall,S4,DVAG,M4_2,MOW,1,2021-12-31,RUHI,1,GX,GX,
Fall,S4,DVAG,M4_2,MOW,23,2021-12-31,RUHI,4,GX,GX,
Fall,S4,DVAG,M4_2,MOW,23,2021-12-31,RUHI,4,GX,GX,
Fall,S4,DVAG,M4_2,MOW,13,2021-12-31,RUHI,9,GX,GX,
Fall,S4,DVAG,M4_2,MOW,15,2022-01-04,RUHI,1,GX,GX,
Fall,S4,DVAG,M4_2,MOW,11,2022-01-07,RUHI,6,GX,GX,
Fall,S4,DVAG,M4_2,MOW,13,2022-01-07,RUHI,1,GX,GX,
Fall,S4,DVAG,M4_2,MOW,5,2022-01-07,RUHI,1,GX,GX,
Fall,S4,DVAG,M4_2,MOW,25,2022-01-07,RUHI,1,GX,GX,
Fall,S4,DVAG,M4_2,MOW,3,2022-02-02,RUHI,4,DG,DG,
Fall,S4,GRNB,R4_1,RES,3,2021-12-20,RUHI,15,GX,GX,
Fall,S4,GRNB,R4_1,RES,5,2021-12-20,RUHI,19,GX,GX,
Fall,S4,GRNB,R4_1,RES,15,2021-12-20,RUHI,11,GX,GX,
Fall,S4,GRNB,R4_1,RES,13,2021-12-20,RUHI,3,GX,GX,
Fall,S4,GRNB,R4_1,RES,21,2021-12-20,RUHI,23,GX,GX,
Fall,S4,GRNB,R4_1,RES,25,2021-12-23,RUHI,6,GX,GX,
Fall,S4,GRNB,R4_1,RES,15,2021-12-27,RUHI,1,GX,GX,
Fall,S4,GRNB,R4_1,RES,3,2021-12-31,RUHI,3,GX,GX,
Fall,S4,GRNB,R4_1,RES,5,2021-12-31,RUHI,1,GX,GX,
Fall,S4,GRNB,R4_1,RES,25,2022-01-04,RUHI,1,GX,GX,
Fall,S4,GRNB,R4_1,RES,21,2022-01-10,RUHI,1,GX,GX,
Fall,S4,GRNB,R4_1,RES,5,2022-02-07,RUHI,2,DG,DG,
Fall,S4,GRNB,R4_1,RES,3,2022-02-04,RUHI,2,DG,GX,
Fall,S2,VICP,T2_1,TIL,23,2021-12-27,RUHI,1,GX,GX,
Fall,S4,AMBJ,M4_1,MOW,23,2022-02-04,SCSC,1,GX,GX,
Fall,S4,AMBJ,M4_1,MOW,5,2022-02-04,SCSC,1,GX,GX,
Fall,S4,DAVE,R4_3,RES,13,2022-01-07,SIPE,10,GX,GX,
Fall,S2,KENN,T2_3,TIL,23,2022-03-17,SOAR,1,DG,GX,
Fall,S2,VICP,T2_1,TIL,21,2022-03-17,SOAR,1,DG,GX,
Fall,S4,AMBJ,M4_1,MOW,13,2022-03-17,SONE,1,DG,GX,
Fall,S4,AMBJ,M4_1,MOW,1,2022-03-17,SONI,1,DG,GX,
Fall,S2,KENN,T2_3,TIL,5,2021-12-21,SONI,1,DG,DG,SOLANUM NIGRUM
Fall,S4,DAVE,R4_3,RES,23,2022-01-07,SONU,1,GX,GX,
Fall,S4,DVAG,M4_2,MOW,21,2022-03-17,SOOL,1,DG,GX,
Fall,S2,KENN,T2_3,TIL,15,2022-01-04,SOOL,1,GX,GX,common sowthistle (GX)
Fall,S2,KENN,T2_3,TIL,21,2022-01-10,SOOL,1,GX,GX,
Fall,S2,KENN,T2_3,TIL,1,2022-02-14,SOOL,1,DG,DG,
Fall,S2,KENN,T2_3,TIL,15,2022-02-28,SOOL,3,DG,DG,
Fall,S2,TIMH,T2_2,TIL,1,2022-02-14,SOOL,1,DG,DG,Sonchus oleraceus
Fall,S2,TIMH,T2_2,TIL,5,2022-02-28,SOOL,1,DG,DG,
Fall,S2,VICP,T2_1,TIL,21,2022-01-07,SOOL,1,GX,GX,
Fall,S2,VICP,T2_1,TIL,3,2022-02-28,SOOL,1,DG,DG,
Fall,S2,VICP,T2_1,TIL,11,2022-03-17,SOOL,1,GX,,
Fall,S2,VICP,T2_1,TIL,21,2022-03-17,SOOL,1,DG,GX,
Fall,S4,AMBJ,M4_1,MOW,1,2021-12-20,SOSP,1,GX,GX,
Fall,S4,AMBJ,M4_1,MOW,21,2021-12-23,SOSP,4,GX,GX,
Fall,S4,AMBJ,M4_1,MOW,23,2021-12-23,SOSP,4,GX,GX,
Fall,S4,AMBJ,M4_1,MOW,3,2021-12-27,SOSP,3,GX,GX,
Fall,S4,AMBJ,M4_1,MOW,11,2021-12-31,SOSP,5,GX,GX,
Fall,S4,AMBJ,M4_1,MOW,5,2022-01-04,SOSP,5,GX,GX,
Fall,S4,AMBJ,M4_1,MOW,1,2022-01-04,SOSP,6,GX,GX,
Fall,S4,AMBJ,M4_1,MOW,25,2022-01-04,SOSP,9,GX,GX,
Fall,S4,AMBJ,M4_1,MOW,21,2022-01-04,SOSP,2,GX,GX,
Fall,S4,AMBJ,M4_1,MOW,11,2022-01-10,SOSP,2,GX,GX,
Fall,S4,AMBJ,M4_1,MOW,23,2021-12-21,SOSP,2,DG,DG,
Fall,S4,AMBJ,M4_1,MOW,25,2022-02-09,SOSP,11,GX,GX,
Fall,S4,AMBJ,M4_1,MOW,23,2022-02-09,SOSP,7,GX,GX,
Fall,S4,AMBJ,M4_1,MOW,3,2022-02-23,SOSP,1,GX,GX,
Fall,S4,AMBJ,M4_1,MOW,11,2022-03-17,SOSP,4,DG,GX,
Fall,S4,BNSH,R4_2,RES,11,2021-12-23,SOSP,11,GX,GX,
Fall,S4,BNSH,R4_2,RES,25,2021-12-23,SOSP,24,GX,GX,
Fall,S4,BNSH,R4_2,RES,5,2021-12-27,SOSP,9,GX,GX,
Fall,S4,BNSH,R4_2,RES,13,2021-12-31,SOSP,7,GX,GX,
Fall,S4,BNSH,R4_2,RES,5,2022-01-04,SOSP,6,GX,GX,
Fall,S4,BNSH,R4_2,RES,23,2022-01-07,SOSP,4,GX,GX,
Fall,S4,BNSH,R4_2,RES,15,2022-01-07,SOSP,6,GX,GX,
Fall,S4,BNSH,R4_2,RES,3,2022-01-07,SOSP,5,GX,GX,
Fall,S4,BNSH,R4_2,RES,25,2022-01-10,SOSP,5,GX,GX,
Fall,S4,BNSH,R4_2,RES,11,2022-01-10,SOSP,2,GX,GX,
Fall,S4,BNSH,R4_2,RES,13,2022-02-18,SOSP,1,GX,GX,
Fall,S4,BNSH,R4_2,RES,5,2022-02-18,SOSP,3,GX,GX,
Fall,S4,BNSH,R4_2,RES,1,2022-02-18,SOSP,2,GX,GX,
Fall,S4,BNSH,R4_2,RES,25,2022-02-18,SOSP,7,GX,GX,
Fall,S4,BNSH,R4_2,RES,15,2022-02-23,SOSP,4,GX,GX,
Fall,S4,BNSH,R4_2,RES,15,2022-03-17,SOSP,1,GX,,
Fall,S4,BNSH,R4_2,RES,23,2022-03-17,SOSP,1,GX,,
Fall,S4,BRIM,M4_3,MOW,1,2021-12-23,SOSP,6,GX,GX,
Fall,S4,BRIM,M4_3,MOW,15,2021-12-27,SOSP,7,GX,GX,
Fall,S4,BRIM,M4_3,MOW,25,2021-12-27,SOSP,5,GX,GX,
Fall,S4,BRIM,M4_3,MOW,1,2021-12-31,SOSP,5,GX,GX,
Fall,S4,BRIM,M4_3,MOW,11,2022-01-04,SOSP,1,GX,GX,
Fall,S4,BRIM,M4_3,MOW,21,2022-01-07,SOSP,22,GX,GX,
Fall,S4,BRIM,M4_3,MOW,25,2022-01-07,SOSP,9,GX,GX,
Fall,S2,BRIM,M4_3,MOW,1,2022-02-09,SOSP,8,GX,GX,
Fall,S4,BRIM,M4_3,MOW,15,2022-02-23,SOSP,4,GX,GX,
Fall,S4,BRIM,M4_3,MOW,3,2022-02-23,SOSP,1,GX,GX,
Fall,S4,BRIM,M4_3,MOW,21,2022-03-17,SOSP,4,MT,GX,
Fall,S4,BRIM,M4_3,MOW,25,2022-03-17,SOSP,3,MT,GX,
Fall,S4,BRIM,M4_3,MOW,1,2022-03-17,SOSP,1,DG,GX,
Fall,S4,DAVE,R4_3,RES,23,2021-12-23,SOSP,1,GX,GX,
Fall,S4,DAVE,R4_3,RES,25,2021-12-31,SOSP,1,GX,GX,
Fall,S4,DAVE,R4_3,RES,3,2021-12-31,SOSP,4,GX,GX,
Fall,S4,DAVE,R4_3,RES,13,2022-01-07,SOSP,1,GX,GX,
Fall,S4,DAVE,R4_3,RES,13,2022-01-07,SOSP,7,GX,GX,
Fall,S4,DAVE,R4_3,RES,1,2022-01-07,SOSP,10,GX,GX,
Fall,S4,DAVE,R4_3,RES,11,2022-01-10,SOSP,3,GX,GX,
Fall,S4,DAVE,R4_3,RES,1,2022-02-18,SOSP,2,GX,GX,
Fall,S4,DAVE,R4_3,RES,15,2022-02-23,SOSP,1,GX,GX,
Fall,S4,DAVE,R4_3,RES,3,2022-02-23,SOSP,3,GX,GX,
Fall,S4,DAVE,R4_3,RES,23,2022-03-17,SOSP,1,GX,,
Fall,S4,DAVE,R4_3,RES,25,2022-03-17,SOSP,1,GX,,
Fall,S4,DAVE,R4_3,RES,11,2022-03-17,SOSP,2,MT,GX,
Fall,S4,DVAG,M4_2,MOW,21,2021-12-23,SOSP,14,GX,GX,
Fall,S4,DVAG,M4_2,MOW,13,2021-12-23,SOSP,12,GX,GX,
Fall,S4,DVAG,M4_2,MOW,15,2021-12-23,SOSP,1,GX,GX,
Fall,S4,DVAG,M4_2,MOW,5,2021-12-27,SOSP,2,GX,GX,
Fall,S4,DVAG,M4_2,MOW,11,2021-12-27,SOSP,20,GX,GX,
Fall,S4,DVAG,M4_2,MOW,1,2021-12-31,SOSP,12,GX,GX,
Fall,S4,DVAG,M4_2,MOW,23,2021-12-31,SOSP,6,GX,GX,
Fall,S4,DVAG,M4_2,MOW,13,2021-12-31,SOSP,8,GX,GX,
Fall,S4,DVAG,M4_2,MOW,15,2022-01-04,SOSP,4,GX,GX,
Fall,S4,DVAG,M4_2,MOW,3,2022-01-07,SOSP,5,GX,GX,
Fall,S4,DVAG,M4_2,MOW,11,2022-01-07,SOSP,4,GX,GX,
Fall,S4,DVAG,M4_2,MOW,5,2022-01-07,SOSP,1,GX,GX,
Fall,S4,DVAG,M4_2,MOW,25,2022-01-07,SOSP,3,GX,GX,
Fall,S4,DVAG,M4_2,MOW,23,2022-01-07,SOSP,2,GX,GX,
Fall,S4,DVAG,M4_2,MOW,3,2022-02-09,SOSP,4,GX,GX,
Fall,S4,DVAG,M4_2,MOW,5,2022-02-18,SOSP,4,GX,GX,
Fall,S4,DVAG,M4_2,MOW,13,2022-02-18,SOSP,4,GX,GX,
Fall,S4,DVAG,M4_2,MOW,21,2022-02-18,SOSP,2,GX,GX,
Fall,S4,DVAG,M4_2,MOW,13,2022-02-23,SOSP,1,GX,GX,
Fall,S4,DVAG,M4_2,MOW,23,2022-03-17,SOSP,2,GX,,
Fall,S4,DVAG,M4_2,MOW,11,2022-03-17,SOSP,2,MT,GX,
Fall,S4,DVAG,M4_2,MOW,21,2022-03-17,SOSP,2,DG,GX,
Fall,S4,GRNB,R4_1,RES,13,2021-12-20,SOSP,14,GX,GX,
Fall,S4,GRNB,R4_1,RES,3,2021-12-20,SOSP,16,GX,GX,
Fall,S4,GRNB,R4_1,RES,5,2021-12-20,SOSP,16,GX,GX,
Fall,S4,GRNB,R4_1,RES,15,2021-12-20,SOSP,5,GX,GX,
Fall,S4,GRNB,R4_1,RES,1,2021-12-20,SOSP,35,GX,GX,
Fall,S4,GRNB,R4_1,RES,21,2021-12-20,SOSP,19,GX,GX,
Fall,S4,GRNB,R4_1,RES,25,2021-12-23,SOSP,13,GX,GX,
Fall,S4,GRNB,R4_1,RES,23,2021-12-23,SOSP,12,GX,GX,
Fall,S4,GRNB,R4_1,RES,11,2021-12-23,SOSP,23,GX,GX,
Fall,S4,GRNB,R4_1,RES,15,2021-12-27,SOSP,3,GX,GX,
Fall,S4,GRNB,R4_1,RES,1,2021-12-27,SOSP,10,GX,GX,
Fall,S4,GRNB,R4_1,RES,3,2022-01-04,SOSP,5,GX,GX,
Fall,S4,GRNB,R4_1,RES,25,2022-01-04,SOSP,2,GX,GX,
Fall,S4,GRNB,R4_1,RES,5,2022-01-04,SOSP,6,GX,GX,
Fall,S4,GRNB,R4_1,RES,23,2022-01-04,SOSP,4,GX,GX,
Fall,S4,GRNB,R4_1,RES,13,2022-01-07,SOSP,3,GX,GX,
Fall,S4,GRNB,R4_1,RES,11,2022-01-07,SOSP,8,GX,GX,
Fall,S4,GRNB,R4_1,RES,1,2022-01-10,SOSP,5,GX,GX,
Fall,S4,GRNB,R4_1,RES,21,2022-01-10,SOSP,3,GX,GX,
Fall,S4,GRNB,R4_1,RES,21,2022-02-09,SOSP,1,GX,GX,
Fall,S4,GRNB,R4_1,RES,5,2022-02-09,SOSP,1,GX,GX,
Fall,S4,GRNB,R4_1,RES,3,2022-02-09,SOSP,3,GX,GX,
Fall,S4,GRNB,R4_1,RES,15,2022-02-18,SOSP,5,GX,GX,
Fall,S4,GRNB,R4_1,RES,1,2022-02-23,SOSP,5,GX,GX,
Fall,S4,GRNB,R4_1,RES,25,2022-02-23,SOSP,1,GX,GX,
Fall,S4,GRNB,R4_1,RES,11,2022-02-23,SOSP,2,GX,GX,
Fall,S4,GRNB,R4_1,RES,5,2022-02-23,SOSP,1,GX,GX,
Fall,S4,GRNB,R4_1,RES,13,2022-02-23,SOSP,2,GX,GX,
Fall,S4,GRNB,R4_1,RES,15,2022-03-02,SOSP,1,DG,DG,
Fall,S4,GRNB,R4_1,RES,21,2022-03-17,SOSP,5,GX,,
Fall,S4,GRNB,R4_1,RES,15,2022-03-17,SOSP,4,GX,,
Fall,S4,GRNB,R4_1,RES,3,2022-03-17,SOSP,7,MT,GX,
Fall,S4,GRNB,R4_1,RES,23,2022-03-17,SOSP,1,MT,GX,
Fall,S4,GRNB,R4_1,RES,5,2022-03-17,SOSP,3,MT,GX,
Fall,S4,GRNB,R4_1,RES,5,2022-03-17,SOSP,2,MT,GX,
Fall,S4,GRNB,R4_1,RES,13,2022-03-17,SOSP,1,DG,GX,
Fall,S2,KENN,T2_3,TIL,11,2021-12-20,SOSP,1,GX,GX,
Fall,S2,KENN,T2_3,TIL,1,2021-12-20,SOSP,2,GX,GX,
Fall,S4,AMBJ,M4_1,MOW,23,2022-02-28,STME,1,DG,DG,Stellaria Media
Fall,S2,TIMH,T2_2,TIL,21,2022-03-17,STME,1,DG,GX,
Fall,S2,VICP,T2_1,TIL,21,2022-03-17,STME,1,DG,GX,
Fall,S4,BNSH,R4_2,RES,11,2022-03-17,TAOF,1,DG,GX,
Fall,S2,KENN,T2_3,TIL,1,2021-12-20,TAOF,1,GX,GX,
Fall,S2,KENN,T2_3,TIL,15,2022-01-24,TAOF,1,DG,DG,TAXICUM OFFICINALE
Fall,S2,TIMH,T2_2,TIL,23,2022-02-28,TAOF,1,DG,DG,
Fall,S2,VICP,T2_1,TIL,3,2021-12-17,TAOF,1,DG,GX,
Fall,S2,VICP,T2_1,TIL,3,2022-01-24,TAOF,1,DG,DG,
Fall,S2,VICP,T2_1,TIL,21,2022-03-17,TAOF,1,DG,GX,
Fall,S4,AMBJ,M4_1,MOW,11,2022-01-10,TRPR,1,GX,GX,
Fall,S4,AMBJ,M4_1,MOW,5,2022-02-04,TRPR,1,GX,GX,
Fall,S4,BNSH,R4_2,RES,21,2022-01-10,TRPR,1,GX,GX,
Fall,S4,BNSH,R4_2,RES,13,2022-02-18,TRPR,1,GX,GX,
Fall,S4,BRIM,M4_3,MOW,23,2021-12-17,TRPR,1,DG,GX,
Fall,S4,BRIM,M4_3,MOW,25,2022-01-12,TRPR,1,DG,DG,
Fall,S4,BRIM,M4_3,MOW,21,2022-02-07,TRPR,1,DG,DG,
Fall,S4,BRIM,M4_3,MOW,21,2022-01-24,TRPR,1,DG,DG,
Fall,S4,BRIM,M4_3,MOW,23,2022-02-09,TRPR,1,DG,GX,
Fall,S4,BRIM,M4_3,MOW,23,2022-03-02,TRPR,2,DG,DG,
Fall,S4,BRIM,M4_3,MOW,21,2022-03-17,TRPR,1,MT,GX,
Fall,S4,DAVE,R4_3,RES,1,2022-01-07,TRPR,1,GX,GX,
Fall,S4,DAVE,R4_3,RES,3,2022-02-04,TRPR,1,DG,GX,
Fall,S4,DAVE,R4_3,RES,25,2022-03-17,TRPR,1,GX,,
Fall,S4,DAVE,R4_3,RES,3,2022-03-17,TRPR,1,DG,GX,
Fall,S4,DVAG,M4_2,MOW,5,2022-01-10,TRPR,1,GX,GX,
Fall,S4,DVAG,M4_2,MOW,1,2022-02-09,TRPR,1,DG,GX,
Fall,S4,DVAG,M4_2,MOW,5,2022-03-17,TRPR,1,MT,GX,
Fall,S2,KENN,T2_3,TIL,13,2021-12-13,TRPR,1,DG,DG,
Fall,S2,KENN,T2_3,TIL,21,2021-12-13,TRPR,1,DG,DG,
Fall,S2,KENN,T2_3,TIL,25,2022-02-28,TRPR,1,DG,DG,
Fall,S2,TIMH,T2_2,TIL,15,2021-12-20,TRPR,1,GX,GX,"Originally labelled as ""S4 + RES"" but changed to ""S2 + TIL"" (GX)"
Fall,S2,VICP,T2_1,TIL,21,2021-12-13,TRPR,1,DG,DG,
Fall,S2,VICP,T2_1,TIL,15,2021-12-13,TRPR,2,DG,DG,
Fall,S2,VICP,T2_1,TIL,11,2022-01-10,TRPR,2,GX,GX,
Fall,S2,VICP,T2_1,TIL,23,2022-01-10,TRPR,1,GX,GX,
Fall,S2,VICP,T2_1,TIL,5,2021-12-21,TRPR,2,DG,DG,
Fall,S2,VICP,T2_1,TIL,5,2022-02-09,TRPR,1,DG,GX,
Fall,S2,VICP,T2_1,TIL,21,2022-02-28,TRPR,2,DG,DG,
Fall,S2,VICP,T2_1,TIL,1,2022-02-28,TRPR,1,DG,DG,
Fall,S2,VICP,T2_1,TIL,11,2022-03-17,TRPR,1,GX,,
Fall,S2,VICP,T2_1,TIL,3,2022-03-17,TRPR,2,DG,GX,
Fall,S4,AMBJ,M4_1,MOW,3,2022-03-17,TRRE,1,MT,GX,
Fall,S4,BNSH,R4_2,RES,23,2022-02-04,TRRE,1,DG,GX,
Fall,S4,DVAG,M4_2,MOW,11,2022-03-17,TRRE,1,MT,GX,
Fall,S4,AMBJ,M4_1,MOW,1,2022-02-04,TSCA,1,DG,GX,Tsuga canadensis
Fall,S4,BRIM,M4_3,MOW,15,2022-03-17,TSCA,1,DG,GX,
Fall,S4,AMBJ,M4_1,MOW,23,2022-03-17,VEAG,2,DG,GX,
Fall,S4,GRNB,R4_1,RES,23,2022-03-17,VEAG,1,DG,GX,
Fall,S4,AMBJ,M4_1,MOW,23,2022-01-04,VEAR,16,GX,GX,
Fall,S4,GRNB,R4_1,RES,3,2022-01-04,VEAR,7,GX,GX,
Fall,S4,GRNB,R4_1,RES,13,2022-01-07,VEAR,3,GX,GX,
Fall,S4,GRNB,R4_1,RES,15,2022-01-10,VEAR,1,GX,GX,
Fall,S4,GRNB,R4_1,RES,1,2022-01-10,VEAR,1,GX,GX,
Fall,S4,GRNB,R4_1,RES,25,2022-01-10,VEAR,1,GX,GX,
Fall,S4,GRNB,R4_1,RES,5,2022-01-10,VEAR,3,GX,GX,
Fall,S4,GRNB,R4_1,RES,5,2022-02-09,VEAR,1,GX,GX,
Fall,S4,BNSH,R4_2,RES,23,2021-12-31,VEST,1,GX,GX,vervain
Fall,S4,AMBJ,M4_1,MOW,1,2022-01-04,VICR,1,GX,GX,"originally labeled as ""VISP"" but relabeled as ""VICR"" (GX)"
Fall,S4,BNSH,R4_2,RES,5,2022-01-04,VICR,1,GX,GX,"veth genus; originally labeled as ""VISP"" but relabeled as ""VICR"" (GX)"
Fall,S4,BNSH,R4_2,RES,3,2022-03-02,VICR,1,DG,DG,Vicia cracca